year,title,keyword,percentages_nearby,snippet,url
2010,蓟县2010年政府工作报告_政府工作报告__天津市蓟州区人民政府,河北,, 市交通运输委 市退役军人事务局 市卫生健康委 市文化和旅游局 市市场监管委 市外办 市审计局 市应急局 市医保局 市统计局 市体育局 市国资委 市信访办 市机关事务管理局 市金融局 市政务服务办 市消防救援总队 市知识产权局 市粮食和物资储备局 区政府网站 河北区 和平区 滨海新区 红桥区 南开区 河东区 河西区 津南区 西青区 东丽区 静海区 宝坻区 武清区 北辰区 宁河区 有关单位 市高法 市政协 市人大 市残联 市妇联 市地震局 市检察院 天津日报 人民网天津频道 中国文明网 北方网 天津电视台 今晚报 网站地,https://www.tjjz.gov.cn/zwgk/ZFGZBG_20201207/202012/t20201227_5202933.html
2010,蓟县2010年政府工作报告_政府工作报告__天津市蓟州区人民政府,山东,,潮。建好 10 个文化产业重大项目，加快推进荣宝斋文化创作产业园、孝道文化园建设，力争再引进一批高水平大项目，旅游文化产业园区取得明显变化。 着力促进文旅结合、商旅结合。积极筹划 大型实景演出，加快开发旅游纪念品，开辟精品文化旅游线路，打响文化旅游品牌。抓好燕山东路两侧、大盘山地区的五星级酒店建设，打造高星级酒店集群。启动西部控股财富广场、象山国际旅游城 等项目 ，打造地标性商贸综合设施。加快提升古文化街业态，建设小吃一条街、精品服装街、旅游山货市场，促进旅游消费。继续办好梨园情旅游文化节、渔阳金秋旅游节、长城国际马拉,https://www.tjjz.gov.cn/zwgk/ZFGZBG_20201207/202012/t20201227_5202933.html
2010,蓟县2010年政府工作报告_政府工作报告__天津市蓟州区人民政府,京津,107.4 ％,游经营秩序，加强景区内部管理，推进周边环境治理。启动下营特色小镇建设。推进乡村旅游规范提升工程，创建 8 个示范村，不断丰富乡村旅游内涵。 （六）进一步打造生态宜居城市 着眼城市未来，突出城市特色，高水平建设，高效能管理，城乡环境面貌取得明显变化，进一步展现“京津后花园”的独特魅力。 加快城市载体建设。全年安排基础设施项目 23 个，投资 25.1 亿元，增长 107.4 ％。实施路网提升工程，启动京秦、塘承高速公路蓟县段工程；开工燕山西路，建成盘山大道、盘山南路、大学城南路，提升宝平路，完善东部休闲度假组团路网工程；,https://www.tjjz.gov.cn/zwgk/ZFGZBG_20201207/202012/t20201227_5202933.html
2010,蓟县2010年政府工作报告_政府工作报告__天津市蓟州区人民政府,游客,"15.4 ％,26.1 ％,20 ％,29.5 ％",保基金会、平安保险公司达成共建老年文化产业园战略合作。大盘山地区投资规模突破 600 亿元。景区景点建设全面推进。乡村旅游进一步规范，市级旅游特色村发展到 81 个。成功举办渔阳金秋旅游节、金融高层论坛、长城国际马拉松大赛、首届梨园情旅游文化节等活动。全年接待游客 731 万人次，综合收入 29.5 亿元，分别增长 15.4 ％和 26.1 ％。商贸流通更加活跃，社会消费品零售额 57.6 亿元，增长 20 ％。房地产业快速回升，商品房销售面积增长两倍以上。服务业增加值增长 29.5 ％，拉动全县经济增长 15.5 个,https://www.tjjz.gov.cn/zwgk/ZFGZBG_20201207/202012/t20201227_5202933.html
2011,2011年政府工作报告_政府工作报告__天津市蓟州区人民政府,天津,,内；节能减排完成市政府下达指标。经过全县人民的共同奋斗，使我县综合实力显著增强，产业结构显著优化，城市功能显著提升，民计民生显著改善，生态建设显著加强，经济实际增长在各区县的排名中位次前移，产业结构、生态环境、机制创新、社会和谐程度位于全市前列，为全面实现 “天津历史文化名城、京津唐生态绿心、中等规模现代化旅游城市” 的总体定位 打下更为坚实的基础。 为实现上述目标， 我们要 大力实施 “五大战略” 。 一是生态优先战略 。把生态建设摆在更加突出的位置，打好于桥水库水源保护、矿山创面综合治理、城乡污水垃圾综合处理、城区,https://www.tjjz.gov.cn/zwgk/ZFGZBG_20201207/202012/t20201227_5202964.html
2011,2011年政府工作报告_政府工作报告__天津市蓟州区人民政府,河北,, 市交通运输委 市退役军人事务局 市卫生健康委 市文化和旅游局 市市场监管委 市外办 市审计局 市应急局 市医保局 市统计局 市体育局 市国资委 市信访办 市机关事务管理局 市金融局 市政务服务办 市消防救援总队 市知识产权局 市粮食和物资储备局 区政府网站 河北区 和平区 滨海新区 红桥区 南开区 河东区 河西区 津南区 西青区 东丽区 静海区 宝坻区 武清区 北辰区 宁河区 有关单位 市高法 市政协 市人大 市残联 市妇联 市地震局 市检察院 天津日报 人民网天津频道 中国文明网 北方网 天津电视台 今晚报 网站地,https://www.tjjz.gov.cn/zwgk/ZFGZBG_20201207/202012/t20201227_5202964.html
2011,2011年政府工作报告_政府工作报告__天津市蓟州区人民政府,京津,66%,污染物排放提前一年完成“十一五”减排任务。 这是重大项目加速集聚、产业结构优化升级的五年 。进行了历史上最大规模的大项目好项目建设，组织实施 166 个亿元以上重大项目，三次产业优化升级竞相发展。旅游业全面提升，带动现代服务业加快发展，引进实施了盘龙谷文化城、京津国际文化产业教育园、滨海体育公园等重大旅游文化项目，完成一批景区提升工程，成功举办一系列大型主题活动，实施农家院旅游“百村千户万人”创建计划， 2010 年全县接待游客 848 万人次，服务业增加值比重达到 66% 。工业载体建设取得突破，专用汽车产业园、酒业,https://www.tjjz.gov.cn/zwgk/ZFGZBG_20201207/202012/t20201227_5202964.html
2011,2011年政府工作报告_政府工作报告__天津市蓟州区人民政府,京津,,政府下达指标。经过全县人民的共同奋斗，使我县综合实力显著增强，产业结构显著优化，城市功能显著提升，民计民生显著改善，生态建设显著加强，经济实际增长在各区县的排名中位次前移，产业结构、生态环境、机制创新、社会和谐程度位于全市前列，为全面实现 “天津历史文化名城、京津唐生态绿心、中等规模现代化旅游城市” 的总体定位 打下更为坚实的基础。 为实现上述目标， 我们要 大力实施 “五大战略” 。 一是生态优先战略 。把生态建设摆在更加突出的位置，打好于桥水库水源保护、矿山创面综合治理、城乡污水垃圾综合处理、城区景区镇村环境整治四,https://www.tjjz.gov.cn/zwgk/ZFGZBG_20201207/202012/t20201227_5202964.html
2011,2011年政府工作报告_政府工作报告__天津市蓟州区人民政府,京津,,提升战略 。以高水平大项目好项目为抓手，全面推动 三次产业优化升级竞相发展，形成机械制造、新能源新材料、绿色食品加工及生物制药、旅游、文化、健康养生“六大支柱产业”，初步建成先进装备制造业基地、绿色食品生产加工基地、旅游文化创意产业基地、健康养生养老产业基地和京津冀区域休闲度假目的地。 三是城乡统筹战略 。实施新城开发，努力打造“文化古蓟州、京津后花园、健康产业城”；加快建设 文化产业园区、健康产业园区、专用汽车产业园区、酒业及绿色食品加工区，形成集聚效应；集中打造沿津围公路贯穿南北的山水城田城镇空间发展轴，大力推进山,https://www.tjjz.gov.cn/zwgk/ZFGZBG_20201207/202012/t20201227_5202964.html
2011,2011年政府工作报告_政府工作报告__天津市蓟州区人民政府,京津,,制造、新能源新材料、绿色食品加工及生物制药、旅游、文化、健康养生“六大支柱产业”，初步建成先进装备制造业基地、绿色食品生产加工基地、旅游文化创意产业基地、健康养生养老产业基地和京津冀区域休闲度假目的地。 三是城乡统筹战略 。实施新城开发，努力打造“文化古蓟州、京津后花园、健康产业城”；加快建设 文化产业园区、健康产业园区、专用汽车产业园区、酒业及绿色食品加工区，形成集聚效应；集中打造沿津围公路贯穿南北的山水城田城镇空间发展轴，大力推进山前文化旅游产业带、中部综合产业带建设，初步形成“一城四区、集约发展，一轴两带、山水生,https://www.tjjz.gov.cn/zwgk/ZFGZBG_20201207/202012/t20201227_5202964.html
2011,2011年政府工作报告_政府工作报告__天津市蓟州区人民政府,京津,,上项目、抓发展的积极性。经过三年努力，全县半数以上乡镇实现财政自主。 5 ．以新城建设为契机，全面提升城乡规划建设管理水平 进一步统筹规划建设管理，优化空间布局，完善载体功能，提升文化品位，充分展现独具特色的旅游城市魅力。 全力推进新城建设。按照“文化古蓟州、京津后花园、健康产业城”的定位，坚持高水平规划、高强度投入、高品质建设，基本形成 57 平方公里的城市框架，基本完成 11 平方公里的起步区基础设施建设。深入挖掘历史文化内涵，凝练出魂，体现出形，打造文化新城；建好中央公园、湿地公园和绿化、水景观体系，形成山水生态,https://www.tjjz.gov.cn/zwgk/ZFGZBG_20201207/202012/t20201227_5202964.html
2011,2011年政府工作报告_政府工作报告__天津市蓟州区人民政府,京津冀,,提升战略 。以高水平大项目好项目为抓手，全面推动 三次产业优化升级竞相发展，形成机械制造、新能源新材料、绿色食品加工及生物制药、旅游、文化、健康养生“六大支柱产业”，初步建成先进装备制造业基地、绿色食品生产加工基地、旅游文化创意产业基地、健康养生养老产业基地和京津冀区域休闲度假目的地。 三是城乡统筹战略 。实施新城开发，努力打造“文化古蓟州、京津后花园、健康产业城”；加快建设 文化产业园区、健康产业园区、专用汽车产业园区、酒业及绿色食品加工区，形成集聚效应；集中打造沿津围公路贯穿南北的山水城田城镇空间发展轴，大力推进山前,https://www.tjjz.gov.cn/zwgk/ZFGZBG_20201207/202012/t20201227_5202964.html
2011,2011年政府工作报告_政府工作报告__天津市蓟州区人民政府,游客,66%,，三次产业优化升级竞相发展。旅游业全面提升，带动现代服务业加快发展，引进实施了盘龙谷文化城、京津国际文化产业教育园、滨海体育公园等重大旅游文化项目，完成一批景区提升工程，成功举办一系列大型主题活动，实施农家院旅游“百村千户万人”创建计划， 2010 年全县接待游客 848 万人次，服务业增加值比重达到 66% 。工业载体建设取得突破，专用汽车产业园、酒业及绿色食品加工区纳入市级示范园，不到一年完成起步区基础配套，引进了 PVC 型材、无机粉体环保纸、生物医药、光伏玻璃、低碳工业园等大项目，全县规模以上企业发展到 151,https://www.tjjz.gov.cn/zwgk/ZFGZBG_20201207/202012/t20201227_5202964.html
2012,2012年政府工作报告_政府工作报告__天津市蓟州区人民政府,天津,61%,五”规划目标的 61% 。楼宇经济从无到有，一年时间新增楼宇 14.2 万平方米 、注册企业 100 家，楼宇税收达到 1.5 亿元，呈现出巨大发展潜力 。 （二）着力拓展发展空间，多极联动形成新格局 坚持规划引领，完善提升空间发展战略和城乡总体规划，确立了“天津历史文化名城、京津唐生态绿心、中等规模现代化旅游城市”的发展定位和“一城四区、集约发展，一轴两带、山水生态”的空间布局，为蓟县长远发展打开了空间。蓟县新城全面启动，规划设计、平台搭建、资金筹措 顺利完成，征地、搬迁等群众工作有序进行，还迁安置区正式开工，新城建,https://www.tjjz.gov.cn/zwgk/ZFGZBG_20201207/202012/t20201227_5202965.html
2012,2012年政府工作报告_政府工作报告__天津市蓟州区人民政府,天津,,县的山更绿、水更清、环境更优美！ （五）不断深化改革开放，机制创新实现新突破 创新政府融资模式，组建广成集团，资产规模达到 100 亿元，累计融资超过 60 亿元，建立风险防范机制，实现“借用管还”良性循环。扩大金融 合作，加强银企对接，成立全市首家村镇银行，天津银行、哈尔滨银行进驻蓟县，融资渠道进一步拓宽。扎实推进国有集体企业改革，顺利完成挂月集团资产重组、渔阳建工集团改制，组建了蓟州旅游文化集团。深化行政审批制度改革，在全市率先实现行政审批“两归并、一集中”。加大招商引资力度，建立“一个中心、两支队伍、三项机制”，,https://www.tjjz.gov.cn/zwgk/ZFGZBG_20201207/202012/t20201227_5202965.html
2012,2012年政府工作报告_政府工作报告__天津市蓟州区人民政府,河北,, 市交通运输委 市退役军人事务局 市卫生健康委 市文化和旅游局 市市场监管委 市外办 市审计局 市应急局 市医保局 市统计局 市体育局 市国资委 市信访办 市机关事务管理局 市金融局 市政务服务办 市消防救援总队 市知识产权局 市粮食和物资储备局 区政府网站 河北区 和平区 滨海新区 红桥区 南开区 河东区 河西区 津南区 西青区 东丽区 静海区 宝坻区 武清区 北辰区 宁河区 有关单位 市高法 市政协 市人大 市残联 市妇联 市地震局 市检察院 天津日报 人民网天津频道 中国文明网 北方网 天津电视台 今晚报 网站地,https://www.tjjz.gov.cn/zwgk/ZFGZBG_20201207/202012/t20201227_5202965.html
2012,2012年政府工作报告_政府工作报告__天津市蓟州区人民政府,京津,1%,1% 。楼宇经济从无到有，一年时间新增楼宇 14.2 万平方米 、注册企业 100 家，楼宇税收达到 1.5 亿元，呈现出巨大发展潜力 。 （二）着力拓展发展空间，多极联动形成新格局 坚持规划引领，完善提升空间发展战略和城乡总体规划，确立了“天津历史文化名城、京津唐生态绿心、中等规模现代化旅游城市”的发展定位和“一城四区、集约发展，一轴两带、山水生态”的空间布局，为蓟县长远发展打开了空间。蓟县新城全面启动，规划设计、平台搭建、资金筹措 顺利完成，征地、搬迁等群众工作有序进行，还迁安置区正式开工，新城建设成为凝聚全县力量,https://www.tjjz.gov.cn/zwgk/ZFGZBG_20201207/202012/t20201227_5202965.html
2012,2012年政府工作报告_政府工作报告__天津市蓟州区人民政府,游客,"37.3%,25%,63%",2011 年全县工业增加值增长 37.3% ，高出服务业增幅 9.1 个百分点。 现代服务业全面提升，推进盘龙谷文化城、滨海盘山体育和生态公园等旅游文化产业大项目，完成了盘山景区新门区等一批旅游基础设施工程，我县被评为“全国休闲农业与乡村旅游示范县” ，年接待游客突破 1000 万人次 ；商贸流通繁荣 活跃，市场体系更加健全，社会消费品零售额达到 100 亿元，年均增长 25% ，服务业比重调整到 63% 。特色农业形成比较优势，新建上仓、侯家营两个市级农业园，全县新发展设施农业 8.1 万亩；邦均苗木花卉 、山区优质,https://www.tjjz.gov.cn/zwgk/ZFGZBG_20201207/202012/t20201227_5202965.html
2012,2012年政府工作报告_政府工作报告__天津市蓟州区人民政府,游客,"12.7%,28.6%,26.7%",点建设，形成模式，抓好示范，促进乡村旅游整体提升。加快圣光、和庚、天一等五星级酒店建设，完成盘山大型实景演出创作编导和硬件建设，投入使用蓟县旅游接待服务中心 ，举办首届黄崖关长城冰雕旅游文化购物节，推进旅游商品开发和市场进景区 ，全方位拓宽消费领域。全 年接待游客 1195 万人次、综合收入 58.5 亿元，分别增长 12.7% 和 28.6% ；社会消费品零售额增速高于全市平均水平，服务业增加值增长 26.7% 。 做精现代农业。围绕服务城市、富裕农民，实施设施农业提升工程，抓好技术帮扶、品种更新、产销衔接，促进现代,https://www.tjjz.gov.cn/zwgk/ZFGZBG_20201207/202012/t20201227_5202965.html
2012,2012年政府工作报告_政府工作报告__天津市蓟州区人民政府,旅游市场,,设施建设年度任务，抓好有害生物防治， 新增造林 1.3 万亩。积极推进矿山创面综合治理，实施 6 个矿山环境治理项目 。 继续开展奋战 300 天城乡环境综合整治，新建蓟州雕塑园，整修兴华大街，完成城区憩园及府君山门区绿化；加强景区内部管理和周边环境治理，规范旅游市场秩序；着力提升津围公路、中昌南路等干线路环境水平，深入开展市级卫生镇村、文明生态村创建活动，城乡面貌发生更大变化。 （五）积极推动文化大发展大繁荣 不断丰富群众文化生活。加快完善县、镇、村三级文化服务网络，启用蓟州体育馆，改造升级县图书馆、影剧院，管好用好乡镇,https://www.tjjz.gov.cn/zwgk/ZFGZBG_20201207/202012/t20201227_5202965.html
2013,蓟县2013年政府工作报告_政府工作报告__天津市蓟州区人民政府,天津,,划承前启后的关键一年，是我县加快实施“一四五五”奋斗目标和工作思路、全力打好六个攻坚战的重要一年。政府工作的指导思想是：高举中国特色社会主义伟大旗帜，以邓小平理论、“三个代表”重要思想、科学发展观为指导，全面贯彻落实党的十八大和中央经济工作会议精神，按照中央对天津工作的一系列重要要求和市第十次党代会、市委十届二次全会决策部署，紧紧围绕县委九届四次全会确定的目标任务，牢牢把握主题主线，坚定“生态立县、工业强县、旅游兴县”三个用力方向，加快实施“一四五五”奋斗目标和工作思路，切实推动经济建设、政治建设、文化建设、社会建设、,https://www.tjjz.gov.cn/zwgk/ZFGZBG_20201207/202012/t20201227_5202990.html
2013,蓟县2013年政府工作报告_政府工作报告__天津市蓟州区人民政府,河北,, 市交通运输委 市退役军人事务局 市卫生健康委 市文化和旅游局 市市场监管委 市外办 市审计局 市应急局 市医保局 市统计局 市体育局 市国资委 市信访办 市机关事务管理局 市金融局 市政务服务办 市消防救援总队 市知识产权局 市粮食和物资储备局 区政府网站 河北区 和平区 滨海新区 红桥区 南开区 河东区 河西区 津南区 西青区 东丽区 静海区 宝坻区 武清区 北辰区 宁河区 有关单位 市高法 市政协 市人大 市残联 市妇联 市地震局 市检察院 天津日报 人民网天津频道 中国文明网 北方网 天津电视台 今晚报 网站地,https://www.tjjz.gov.cn/zwgk/ZFGZBG_20201207/202012/t20201227_5202990.html
2013,蓟县2013年政府工作报告_政府工作报告__天津市蓟州区人民政府,东北,20%,务业发展规划，着力构建全业态、全要素商贸流通体系。加快美域新城、上东城项目建设，吸引名企名店入驻，打造大型商业综合体。新建农产品、旅游产品集散市场，建设汽车交易、煤炭钢材等专业市场。推动驿麓天街、兴华步行街满铺开业，提升现有商业街区业态，促进城市繁荣繁华。新建东北隅、五十八间菜市场，推进超市进农村、进社区，更好方便居民消费。全县社会消费品零售额增长 20% 。 （五）进一步扩大农业比较优势 调高调优农业结构。抓好项目引进、品种优化、存量嫁接，改造提升设施农业 5800 亩，建设放心菜基地 1.5 万亩。实施特色果品提升,https://www.tjjz.gov.cn/zwgk/ZFGZBG_20201207/202012/t20201227_5202990.html
2013,蓟县2013年政府工作报告_政府工作报告__天津市蓟州区人民政府,游客,"60%,20%", 60% 。两个示范工业园实施了一批产业重点项目和基础设施工程，载体功能日臻完善，成为工业强县的主战场。 现代服务业上档升级。恒大世纪旅游城开业运营，圣光、唐朝等五星级酒店加快建设，盘山大型实景演出项目启动实施，郭家沟旅游示范村成为全市乡村旅游新亮点。全县接待游客 1152 万人次，综合收入 52 亿元，实现品质效益双提升，旅游兴县步伐日益加快。文化产业载体建设积极推进，盘山书院主体封顶，国家画院创作基地竣工。商贸流通繁荣活跃，限额以上商贸企业达到 176 家，社会消费品零售额增长 20% 。 农业基础地位不断巩固。改,https://www.tjjz.gov.cn/zwgk/ZFGZBG_20201207/202012/t20201227_5202990.html
2013,蓟县2013年政府工作报告_政府工作报告__天津市蓟州区人民政府,游客,"15%,20%",验打造一批精品村，完善配套设施提升一批优质村，严格服务管理规范一批标准村。深化旅游体制机制改革，健全现代企业制度，搞好资本运作，实行统一营销，做大做实旅游集团。完善假日旅游长效管理机制，继续办好渔阳金秋旅游节等特色主题活动，进一步树立蓟县旅游整体形象。全县接待游客 1325 万人次、综合收入 62 亿元，分别增长 15% 和 20% 。 做精文化产业。引入产业实体，尽快出亮点、上层次、见效果。加快重大文化项目建设和运营，投入使用国家画院创作基地，引入书画展示、交易、拍卖产业；建成盘山书院，实现国学开讲；用好盘龙谷文化城,https://www.tjjz.gov.cn/zwgk/ZFGZBG_20201207/202012/t20201227_5202990.html
2014,蓟县2014年政府工作报告_政府工作报告__天津市蓟州区人民政府,北京,"65%,30%",实施，乡镇税源经济增势强劲，飞地开发、飞楼招商取得突破，涌现出一批资源共享的新亮点， 65% 的乡镇留成税收超千万元。全员招商体系不断完善，每季度开展重大项目集中签约活动，借重用好首都资源成效明显，全年集中签约重大项目 82 个，总投资 885 亿元，其中来自北京的项目 45 个，总投资 524 亿元。旅游综合配套改革继续深化，搭建了整体营销、精细管理等企业化运营平台，旅游集团资产规模达到 10 亿元，主营业务收入增速超过 30% 。科技型中小企业发展环境持续优化，制订出台八条措施，建立小巨人“一企一策”帮扶机制，百家,https://www.tjjz.gov.cn/zwgk/ZFGZBG_20201207/202012/t20201227_5202991.html
2014,蓟县2014年政府工作报告_政府工作报告__天津市蓟州区人民政府,河北,, 市交通运输委 市退役军人事务局 市卫生健康委 市文化和旅游局 市市场监管委 市外办 市审计局 市应急局 市医保局 市统计局 市体育局 市国资委 市信访办 市机关事务管理局 市金融局 市政务服务办 市消防救援总队 市知识产权局 市粮食和物资储备局 区政府网站 河北区 和平区 滨海新区 红桥区 南开区 河东区 河西区 津南区 西青区 东丽区 静海区 宝坻区 武清区 北辰区 宁河区 有关单位 市高法 市政协 市人大 市残联 市妇联 市地震局 市检察院 天津日报 人民网天津频道 中国文明网 北方网 天津电视台 今晚报 网站地,https://www.tjjz.gov.cn/zwgk/ZFGZBG_20201207/202012/t20201227_5202991.html
2014,蓟县2014年政府工作报告_政府工作报告__天津市蓟州区人民政府,山东,,明确结构调整重点，推动产业转型升级 坚持高端化、高质化、高新化发展方向，全力打好产业转型升级攻坚战，加快转变发展方式，实现速度、质量和效益的协调统一。 做优现代服务业。深化文旅融合、商旅融合，提升 “ 食住行游购娱 ” 要素建设水平，带动服务业提质增效。启动盘山东路开发，建设长城、八仙山和梨木台新门区，优化旅游线路，引入配套项目，拉长产业链条。按照景村一体、公司介入的发展路径，因地制宜打造一批乡村旅游升级版，建成东山、黄崖关等 5 个精品旅游特色村。加快盘山文化产业园重大项目建设，推出实景演出，启用盘山书院，运营唐华酒,https://www.tjjz.gov.cn/zwgk/ZFGZBG_20201207/202012/t20201227_5202991.html
2014,蓟县2014年政府工作报告_政府工作报告__天津市蓟州区人民政府,山东,,划体系，深化细化一批重点规划和专项规划，更好地发挥规划在统筹城乡发展中的引领作用。 进一步打造大路网体系。推动蓟港快速铁路正式开工，推进京秦高速建设，建成塘承高速蓟县段和仓桑路东延线。加快津围北二线、邦喜路调线工程建设，继续改造提升京哈、津围等国省干线，开通燕山东大街与津围北二线、燕山西大街与津围公路两条联络线。打通五十八间路，逐步整修破损市政路和城中村里巷街道。改造调整一批景区路，大修乡村公路 305 公里 。实施路网绿化提升工程，合理搭配苗木灌木，突出大绿效果，形成生态廊道。 进一步完善城乡基础设施。启动新城翠屏山,https://www.tjjz.gov.cn/zwgk/ZFGZBG_20201207/202012/t20201227_5202991.html
2014,蓟县2014年政府工作报告_政府工作报告__天津市蓟州区人民政府,游客,"26.5%,20%",，工业增加值增长 26.5% ，高出全县生产总值增幅 4.5 个百分点。文化旅游融合发展，实景演出项目加快推进，国家画院创作基地投入使用，梨木台成为国家 4A 级景区，乡村旅游升级版建设全面启动，恒大音乐节、阿迪力高空表演等一批市场化旅游活动成功举办。全年接待游客 1295 万人次，实现综合收入 63 亿元。商贸流通繁荣活跃，商业街区加快改造，城乡市场规范提升，社会消费品零售额增长 20% 。农业调整不断深入，发展金银花、蓝莓等特色种植 3.4 万亩，改造提升设施农业 7000 亩，新建放心菜基地 1.3 万亩，州河鲤,https://www.tjjz.gov.cn/zwgk/ZFGZBG_20201207/202012/t20201227_5202991.html
2015,蓟县2015年政府工作报告_政府工作报告__天津市蓟州区人民政府,北京,,发展科技型中小企业 355 家，累计达到 1322 家。 对接京津冀协同发展工作全方位展开，制定具体行动计划，确定载体平台和用力方向，京津州河绿色科技产业园、新城休闲度假聚集区纳入全市顶层设计，交通、生态、产业等重点领域率先突破。 成立 10 支专业团队，面向北京“点对点”招商攻坚，全县共签约重点项目 80 个，生物医药、磁性材料、绿色食品等特色产业加速集聚，借重用好首都资源取得新成效。 （三）统筹规划建设管理，载体功能持续优化 发挥规划先导作用，编制《中等规模现代化旅游城市发展战略及行动计划》，提升 58 项重点规划,https://www.tjjz.gov.cn/zwgk/ZFGZBG_20201207/202012/t20201227_5203044.html
2015,蓟县2015年政府工作报告_政府工作报告__天津市蓟州区人民政府,河北,, 市交通运输委 市退役军人事务局 市卫生健康委 市文化和旅游局 市市场监管委 市外办 市审计局 市应急局 市医保局 市统计局 市体育局 市国资委 市信访办 市机关事务管理局 市金融局 市政务服务办 市消防救援总队 市知识产权局 市粮食和物资储备局 区政府网站 河北区 和平区 滨海新区 红桥区 南开区 河东区 河西区 津南区 西青区 东丽区 静海区 宝坻区 武清区 北辰区 宁河区 有关单位 市高法 市政协 市人大 市残联 市妇联 市地震局 市检察院 天津日报 人民网天津频道 中国文明网 北方网 天津电视台 今晚报 网站地,https://www.tjjz.gov.cn/zwgk/ZFGZBG_20201207/202012/t20201227_5203044.html
2015,蓟县2015年政府工作报告_政府工作报告__天津市蓟州区人民政府,山东,25.4%,级 193 家，规上工业产值增长 25.4% 。推进了新一轮工业布局调整， 2 个示范工业园联动开发、相向拓展， 6 个工业分园启动规划建设，进一步打开了工业发展空间。扎实抓好质量兴县，新申办市级名牌产品 7 个。旅游要素建设上档升级，大型实景演出投入运营，盘山东路开发启动实施，八仙山、梨木台综合服务区完成主体工程，核心景区品质得到优化。进一步提升乡村旅游，打造了常州、船舱峪、东山、寺沟 4 个旅游精品村，以村级自主发展为特点的小穿芳峪村乡村旅游模式成为新亮点。全年接待游客 1554 万人次，实现旅游综合收入 79 亿,https://www.tjjz.gov.cn/zwgk/ZFGZBG_20201207/202012/t20201227_5203044.html
2015,蓟县2015年政府工作报告_政府工作报告__天津市蓟州区人民政府,山东,,升级；积极推进与神华集团合作，力争启动建设云计算产业园，努力构建全国最大单体数据中心。深入实施万企转型升级行动，完成企业转型升级 100 家以上，新增规上企业 20 家。 加快旅游业转型升级步伐。统筹旅游要素建设，加快旅游业从景区观光型向休闲度假型转变。推进盘山东路开发，高水平建好八仙山、梨木台综合服务中心，策划引进一批主题游乐、商业配套项目，完善产业链条，提升旅游消费。坚持“党建引领、政策引导、市场运作、公司运营”模式，突出慢调田园生活，实施乡村旅游 “123” 行动计划，打造全景乡村旅游。全年建成 2 个景区化旅游,https://www.tjjz.gov.cn/zwgk/ZFGZBG_20201207/202012/t20201227_5203044.html
2015,蓟县2015年政府工作报告_政府工作报告__天津市蓟州区人民政府,京津,14%,出意见。 一、 2014 年工作回顾 2014 年，是全县加快打造美丽蓟县、建设中等规模现代化旅游城市进程中极不平凡的一年。一年来，面对严峻复杂的经济形势和持续加大的下行压力，我们在市委、市政府和县委的正确领导下，以扎实开展党的群众路线教育实践活动为动力，抢抓京津冀协同发展历史机遇，加快实施 “ 一四五五 ” 奋斗目标和工作思路，进一步深化改革、调整结构、保护生态、统筹城乡、保障民生，经济社会发展取得新成绩。 预计全县生产总值 361 亿元，增长 14% ；县级财政收入 64.3 亿元，其中一般公共预算收入 33.3 ,https://www.tjjz.gov.cn/zwgk/ZFGZBG_20201207/202012/t20201227_5203044.html
2015,蓟县2015年政府工作报告_政府工作报告__天津市蓟州区人民政府,京津,,经济发展实施意见，实施了工商登记制度改革，创业活力有效激发，全年新增市场主体 4000 户、民营企业 2300 家。科技创新步伐加快，实施市级以上科技计划项目 58 项，新增专利申请 800 件，新发展科技型中小企业 355 家，累计达到 1322 家。 对接京津冀协同发展工作全方位展开，制定具体行动计划，确定载体平台和用力方向，京津州河绿色科技产业园、新城休闲度假聚集区纳入全市顶层设计，交通、生态、产业等重点领域率先突破。 成立 10 支专业团队，面向北京“点对点”招商攻坚，全县共签约重点项目 80 个，生物医药、磁,https://www.tjjz.gov.cn/zwgk/ZFGZBG_20201207/202012/t20201227_5203044.html
2015,蓟县2015年政府工作报告_政府工作报告__天津市蓟州区人民政府,京津,,主体 4000 户、民营企业 2300 家。科技创新步伐加快，实施市级以上科技计划项目 58 项，新增专利申请 800 件，新发展科技型中小企业 355 家，累计达到 1322 家。 对接京津冀协同发展工作全方位展开，制定具体行动计划，确定载体平台和用力方向，京津州河绿色科技产业园、新城休闲度假聚集区纳入全市顶层设计，交通、生态、产业等重点领域率先突破。 成立 10 支专业团队，面向北京“点对点”招商攻坚，全县共签约重点项目 80 个，生物医药、磁性材料、绿色食品等特色产业加速集聚，借重用好首都资源取得新成效。 （三）,https://www.tjjz.gov.cn/zwgk/ZFGZBG_20201207/202012/t20201227_5203044.html
2015,蓟县2015年政府工作报告_政府工作报告__天津市蓟州区人民政府,京津,,步调整城乡总体规划和土地利用总体规划，做优城市发展空间，增强土地要素保障。搞好三个规划衔接，把发展规划的产业项目、城乡总规的载体空间、土地规划的用地形态一一对应，确保目标同向、措施一体，实现“三规合一”。 高标准编制重点区域规划。着眼更好承接首都产业外溢，完成京津州河绿色科技产业园、库区生态农业产业规划。着眼提升旅游品位，深化蓟州古城保护规划、盘山功能区规划，完成蓟县旅游规划编制。着眼促进项目落位，抓好重点地区城市设计和产业策划，继续开展一批控制性详规编制。 不断完善城乡规划体系。全面提升乡镇总体规划，启动编制镇区控制,https://www.tjjz.gov.cn/zwgk/ZFGZBG_20201207/202012/t20201227_5203044.html
2015,蓟县2015年政府工作报告_政府工作报告__天津市蓟州区人民政府,京津,,资等形式，创新投资模式，进一步完善商业服务、蓝白领公寓、燃气管网、污水处理等功能配套，提升项目承接条件。 深化区域协作。落实周边四区市县联席会议机制，强化产业对接，合作打造京东休闲旅游示范区。推进废弃矿山统筹治理，实行生态建设、污染防治、森林火灾联防联控，共创京津冀生态涵养协同发展示范区。协调蓟港快铁启动建设，促成延长线与平谷对接，推动区域路网互联互通。 （五）下力推进改革创新，充分释放发展活力 坚持不懈推进改革创新，不断破除制约发展的体制机制障碍，在重点领域和关键环节改革上实现新突破。 深化行政管理体制改革。把处理好,https://www.tjjz.gov.cn/zwgk/ZFGZBG_20201207/202012/t20201227_5203044.html
2015,蓟县2015年政府工作报告_政府工作报告__天津市蓟州区人民政府,京津,,、绿色发展、共享发展，加快打造美丽蓟县、建设中等规模现代化旅游城市而努力奋斗！ 名 词 解 释 1 、 “ 四证一章 ” ：工商营业执照、组织机构代码证、国税部门税务登记证、地税部门税务登记证和企业公章。 2 、 “ 五大战略 ” ： “ 一带一路 ” 建设、京津冀协同发展、滨海新区开发开放、设立自贸区和创建全国自主创新示范区五大战略。 3 、 “ 三规合一 ” ：国民经济及社会发展 “ 十三五 ” 规划、城乡总体规划、土地利用总体规划。 4、“千企万人支持计划” ：我市从 2014 年开始，用 3 到 5 年时间，遴,https://www.tjjz.gov.cn/zwgk/ZFGZBG_20201207/202012/t20201227_5203044.html
2015,蓟县2015年政府工作报告_政府工作报告__天津市蓟州区人民政府,京津冀,14%,出意见。 一、 2014 年工作回顾 2014 年，是全县加快打造美丽蓟县、建设中等规模现代化旅游城市进程中极不平凡的一年。一年来，面对严峻复杂的经济形势和持续加大的下行压力，我们在市委、市政府和县委的正确领导下，以扎实开展党的群众路线教育实践活动为动力，抢抓京津冀协同发展历史机遇，加快实施 “ 一四五五 ” 奋斗目标和工作思路，进一步深化改革、调整结构、保护生态、统筹城乡、保障民生，经济社会发展取得新成绩。 预计全县生产总值 361 亿元，增长 14% ；县级财政收入 64.3 亿元，其中一般公共预算收入 33.3 亿,https://www.tjjz.gov.cn/zwgk/ZFGZBG_20201207/202012/t20201227_5203044.html
2015,蓟县2015年政府工作报告_政府工作报告__天津市蓟州区人民政府,京津冀,,经济发展实施意见，实施了工商登记制度改革，创业活力有效激发，全年新增市场主体 4000 户、民营企业 2300 家。科技创新步伐加快，实施市级以上科技计划项目 58 项，新增专利申请 800 件，新发展科技型中小企业 355 家，累计达到 1322 家。 对接京津冀协同发展工作全方位展开，制定具体行动计划，确定载体平台和用力方向，京津州河绿色科技产业园、新城休闲度假聚集区纳入全市顶层设计，交通、生态、产业等重点领域率先突破。 成立 10 支专业团队，面向北京“点对点”招商攻坚，全县共签约重点项目 80 个，生物医药、磁性,https://www.tjjz.gov.cn/zwgk/ZFGZBG_20201207/202012/t20201227_5203044.html
2015,蓟县2015年政府工作报告_政府工作报告__天津市蓟州区人民政府,京津冀,,资等形式，创新投资模式，进一步完善商业服务、蓝白领公寓、燃气管网、污水处理等功能配套，提升项目承接条件。 深化区域协作。落实周边四区市县联席会议机制，强化产业对接，合作打造京东休闲旅游示范区。推进废弃矿山统筹治理，实行生态建设、污染防治、森林火灾联防联控，共创京津冀生态涵养协同发展示范区。协调蓟港快铁启动建设，促成延长线与平谷对接，推动区域路网互联互通。 （五）下力推进改革创新，充分释放发展活力 坚持不懈推进改革创新，不断破除制约发展的体制机制障碍，在重点领域和关键环节改革上实现新突破。 深化行政管理体制改革。把处理好政,https://www.tjjz.gov.cn/zwgk/ZFGZBG_20201207/202012/t20201227_5203044.html
2015,蓟县2015年政府工作报告_政府工作报告__天津市蓟州区人民政府,京津冀,,、绿色发展、共享发展，加快打造美丽蓟县、建设中等规模现代化旅游城市而努力奋斗！ 名 词 解 释 1 、 “ 四证一章 ” ：工商营业执照、组织机构代码证、国税部门税务登记证、地税部门税务登记证和企业公章。 2 、 “ 五大战略 ” ： “ 一带一路 ” 建设、京津冀协同发展、滨海新区开发开放、设立自贸区和创建全国自主创新示范区五大战略。 3 、 “ 三规合一 ” ：国民经济及社会发展 “ 十三五 ” 规划、城乡总体规划、土地利用总体规划。 4、“千企万人支持计划” ：我市从 2014 年开始，用 3 到 5 年时间，遴选,https://www.tjjz.gov.cn/zwgk/ZFGZBG_20201207/202012/t20201227_5203044.html
2015,蓟县2015年政府工作报告_政府工作报告__天津市蓟州区人民政府,游客,20%,旅游要素建设上档升级，大型实景演出投入运营，盘山东路开发启动实施，八仙山、梨木台综合服务区完成主体工程，核心景区品质得到优化。进一步提升乡村旅游，打造了常州、船舱峪、东山、寺沟 4 个旅游精品村，以村级自主发展为特点的小穿芳峪村乡村旅游模式成为新亮点。全年接待游客 1554 万人次，实现旅游综合收入 79 亿元。商贸流通繁荣活跃，农村消费网络建设全面铺开，传统商业街区业态持续优化，一批大型商业设施开业运营，社会消费品零售额增长 20% 。 7 个亿元楼宇聚集效应显现，百村楼建管模式在全市推广，全县楼宇企业总数达到 15,https://www.tjjz.gov.cn/zwgk/ZFGZBG_20201207/202012/t20201227_5203044.html
2015,蓟县2015年政府工作报告_政府工作报告__天津市蓟州区人民政府,游客,,”模式，突出慢调田园生活，实施乡村旅游 “123” 行动计划，打造全景乡村旅游。全年建成 2 个景区化旅游村、 10 个精品旅游村、 30 个标准化旅游村。抓好旅游整体营销和产品营销，用好网络和新媒体营销，高水平策划节庆演出活动，扩大蓟县旅游辐射半径。全年接待游客 1800 万人次，实现旅游收入 93 亿元。 纵深推进农业结构调整。全面铺开 “ 一减三增 ” 结构调整，全年调减粮田种植面积 14 万亩，高品质打造东部高效生态、南部优质蔬菜、西部苗木花卉、北部休闲农业四大板块。着力培育壮大农业龙头企业，下力完善仓储保鲜、,https://www.tjjz.gov.cn/zwgk/ZFGZBG_20201207/202012/t20201227_5203044.html
2016,天津市蓟县2016年政府工作报告_政府工作报告__天津市蓟州区人民政府,河北,, 市交通运输委 市退役军人事务局 市卫生健康委 市文化和旅游局 市市场监管委 市外办 市审计局 市应急局 市医保局 市统计局 市体育局 市国资委 市信访办 市机关事务管理局 市金融局 市政务服务办 市消防救援总队 市知识产权局 市粮食和物资储备局 区政府网站 河北区 和平区 滨海新区 红桥区 南开区 河东区 河西区 津南区 西青区 东丽区 静海区 宝坻区 武清区 北辰区 宁河区 有关单位 市高法 市政协 市人大 市残联 市妇联 市地震局 市检察院 天津日报 人民网天津频道 中国文明网 北方网 天津电视台 今晚报 网站地,https://www.tjjz.gov.cn/zwgk/ZFGZBG_20201207/202012/t20201227_5203179.html
2016,天津市蓟县2016年政府工作报告_政府工作报告__天津市蓟州区人民政府,京津,13.7%,员提出意见。 一、 “ 十二五 ” 时期发展回顾 “ 十二五 ” 时期是蓟县发展历程中很不平凡的五年。全县上下在市委、市政府和县委正确领导下，坚持稳中求进工作总基调，坚定生态立县、工业强县、旅游兴县用力方向，加快实施 “ 一四五五 ” 奋斗目标和工作思路，抢抓京津冀协同发展宝贵机遇，着力稳增长、调结构、促改革、惠民生，圆满完成 “ 十二五 ” 规划 确定的 主要目标任务，经济社会发展取得显著成就。 五年来，全县生产总值从 2 15 亿元增加到 409 亿元，年均增长 13.7% ，接近翻一番；一般公共预算收入从 10.,https://www.tjjz.gov.cn/zwgk/ZFGZBG_20201207/202012/t20201227_5203179.html
2016,天津市蓟县2016年政府工作报告_政府工作报告__天津市蓟州区人民政府,京津,,认真加以解决。 二、 “ 十三五 ” 时期目标任务 今后五年，是实现第一个百年奋斗目标、全面建成小康社会的决胜阶段，是落实中等规模现代化旅游城市目标、推动美丽蓟县建设取得决定性进展的关键时期。我们一定要主动适应速度变化、结构优化、动力转换的经济新常态， 抢抓 京津冀协同发展、国家级试点改革、自主创新示范区建设等多重机遇，实现更有质量更有效益更可持续的发展。 全县 经济社会发展的指导思想是 ：高举中国特色社会主义伟大旗帜，全面贯彻党的十八大和十八届三中、四中、五中全会精神，以马克思列宁主义、毛泽东思想、邓小平理论、 “ ,https://www.tjjz.gov.cn/zwgk/ZFGZBG_20201207/202012/t20201227_5203179.html
2016,天津市蓟县2016年政府工作报告_政府工作报告__天津市蓟州区人民政府,京津,,活力创新之城、魅力休闲之城、绿色宜居之城、平安幸福之城，全面建成高质量小康社会。 实现上述目标，必须牢固树立五大发展理念，着力做好以下方面工作： （一）坚持创新发展，着力培育经济发展动力 把创新作为加快发展的核心动力， 加快实施创新驱动， 引领产业提升 。加强京津州河科技产业园建设，实现工业发展新突破。坚持大项目好项目带动， 发 展新能源汽车、通用航空、生物医药等战略性新兴产业和创新经济 ，打造电子信息、高端装备制造、新材料新能源、绿色食品、生物医药五大主导产业集群 。 以旅游业发展为抓手， 推动现代服务业新提升 。建,https://www.tjjz.gov.cn/zwgk/ZFGZBG_20201207/202012/t20201227_5203179.html
2016,天津市蓟县2016年政府工作报告_政府工作报告__天津市蓟州区人民政府,京津,,、通用航空、生物医药等战略性新兴产业和创新经济 ，打造电子信息、高端装备制造、新材料新能源、绿色食品、生物医药五大主导产业集群 。 以旅游业发展为抓手， 推动现代服务业新提升 。建设 一批全要素旅游景区， 重点发展休闲度假游，争创国家 全域旅游示范区， 构建 京津冀休闲旅游度假目的地。以山水为背景、文化为 底蕴 ， 加速文旅融合，全面 提升旅游 品质 。规划养老养生和健康产业基地， 引入 医疗康复、休闲健身等业态。 积极运用 “ 互联网 +” ， 发展农村 电子商务，构建安全、智慧、便捷的居民消费体系。加速一二三产深度,https://www.tjjz.gov.cn/zwgk/ZFGZBG_20201207/202012/t20201227_5203179.html
2016,天津市蓟县2016年政府工作报告_政府工作报告__天津市蓟州区人民政府,京津,,极运用 “ 互联网 +” ， 发展农村 电子商务，构建安全、智慧、便捷的居民消费体系。加速一二三产深度融合， 促进 现代服务型农业新发展 。 推广 “ 龙头 + 合作社 + 农户 + 基地 ” 模式， 壮大 休闲观光型农业，促进农业增效、农民增收， 形成 服务京津的绿色农产品生产基地。瞄准产业主攻方向，强化全产业链招商，推动上下游企业成龙配套， 实现产业 集聚。围绕产业链部署创新链，借势京津冀协同发展，加强自主创新示范区分园建设，吸引创新资源，建成一批科技创新和成果转化平台， 培育一批创新型领军企业， 打造科技小巨人升,https://www.tjjz.gov.cn/zwgk/ZFGZBG_20201207/202012/t20201227_5203179.html
2016,天津市蓟县2016年政府工作报告_政府工作报告__天津市蓟州区人民政府,京津,,新发展 。 推广 “ 龙头 + 合作社 + 农户 + 基地 ” 模式， 壮大 休闲观光型农业，促进农业增效、农民增收， 形成 服务京津的绿色农产品生产基地。瞄准产业主攻方向，强化全产业链招商，推动上下游企业成龙配套， 实现产业 集聚。围绕产业链部署创新链，借势京津冀协同发展，加强自主创新示范区分园建设，吸引创新资源，建成一批科技创新和成果转化平台， 培育一批创新型领军企业， 打造科技小巨人升级版。围 绕创新链完善资金链，鼓励众创、众包、众扶、众筹，发展天使、创业、产业投资，扶持企业上市融资，完善贷款风险补偿机制，为企业,https://www.tjjz.gov.cn/zwgk/ZFGZBG_20201207/202012/t20201227_5203179.html
2016,天津市蓟县2016年政府工作报告_政府工作报告__天津市蓟州区人民政府,京津,60%,展。加速新城、园区和 4 个中心镇建设，吸纳外来人口和农村人口，实现常住人口城镇化率 60% 目标。做优中心城区，完成新城一、二期还迁安置房和公建配套建设， 启动三期立项，推动中心组团商务休闲、文化创意、健康养生等产业落位，实现产城融合 。 做强两个园区，加快京津 州河科技 产业园 和盘山文化产业园 建设 ，科学规划， 合理布局， 完善载体服务功能，扩大园区影响力，提高对经济发展的贡献率。 做实四个镇区， 突出 “ 政府引导、公司进入、群众自愿 ” ， 结合棚户区改造， 有序推进邦均、下营、上仓、马伸桥 4 个重点小城,https://www.tjjz.gov.cn/zwgk/ZFGZBG_20201207/202012/t20201227_5203179.html
2016,天津市蓟县2016年政府工作报告_政府工作报告__天津市蓟州区人民政府,京津,12%,，加快项目落地和产业导入。着力打造科技小巨人升级版，新发展科技型中小企业 1 50 家，培育科技小巨人 6 家。 继续开展 “ 一助两促 ” 活动 ，完成万企转型升级任务， 争取更多企业纳入规上工业库 。盘活闲置楼宇，促进业态集聚，楼宇税收达到 9 亿元。加快京津州河科技产业园规划落位，坚持项目引入与基础设施同步推进，提升国家自创区载体功能。完善便民商贸设施，促进消费升级，社会消费品零售额增长 12% 。抓好旅游集团企业化运行， 促进 旅游产业升级 。 认真落实国务院促进旅游发展意见，对照国家考核标准，进一步提升盘山、,https://www.tjjz.gov.cn/zwgk/ZFGZBG_20201207/202012/t20201227_5203179.html
2016,天津市蓟县2016年政府工作报告_政府工作报告__天津市蓟州区人民政府,京津,,家院公司化运营 ， 全面提升农家院质量和水平，打造特色旅游村 49 个、升级农家院 300 户。围绕农业提质增效，抓好 “ 一减三增 ” 结构调整，完成大田调减 7.6 万亩。 推动农业与二产三产 深度融合，着力培育龙头企业，组团式推进乡野公园建设。积极 融入京津冀协同发展，主动 对接首都外溢资源， 创新机制，精准招商， 招大商、招好商，年内 新签约项目 100 个，其中北京地区项目 60 个。 （二） 抓建管，保生态，打造城乡新形象 坚持规划引领， 实现 城乡 总体规划 、土地 利用总体规划合一 ，优化建设空间。统筹,https://www.tjjz.gov.cn/zwgk/ZFGZBG_20201207/202012/t20201227_5203179.html
2016,天津市蓟县2016年政府工作报告_政府工作报告__天津市蓟州区人民政府,京津冀,13.7%,员提出意见。 一、 “ 十二五 ” 时期发展回顾 “ 十二五 ” 时期是蓟县发展历程中很不平凡的五年。全县上下在市委、市政府和县委正确领导下，坚持稳中求进工作总基调，坚定生态立县、工业强县、旅游兴县用力方向，加快实施 “ 一四五五 ” 奋斗目标和工作思路，抢抓京津冀协同发展宝贵机遇，着力稳增长、调结构、促改革、惠民生，圆满完成 “ 十二五 ” 规划 确定的 主要目标任务，经济社会发展取得显著成就。 五年来，全县生产总值从 2 15 亿元增加到 409 亿元，年均增长 13.7% ，接近翻一番；一般公共预算收入从 10.9,https://www.tjjz.gov.cn/zwgk/ZFGZBG_20201207/202012/t20201227_5203179.html
2016,天津市蓟县2016年政府工作报告_政府工作报告__天津市蓟州区人民政府,京津冀,,认真加以解决。 二、 “ 十三五 ” 时期目标任务 今后五年，是实现第一个百年奋斗目标、全面建成小康社会的决胜阶段，是落实中等规模现代化旅游城市目标、推动美丽蓟县建设取得决定性进展的关键时期。我们一定要主动适应速度变化、结构优化、动力转换的经济新常态， 抢抓 京津冀协同发展、国家级试点改革、自主创新示范区建设等多重机遇，实现更有质量更有效益更可持续的发展。 全县 经济社会发展的指导思想是 ：高举中国特色社会主义伟大旗帜，全面贯彻党的十八大和十八届三中、四中、五中全会精神，以马克思列宁主义、毛泽东思想、邓小平理论、 “ 三,https://www.tjjz.gov.cn/zwgk/ZFGZBG_20201207/202012/t20201227_5203179.html
2016,天津市蓟县2016年政府工作报告_政府工作报告__天津市蓟州区人民政府,京津冀,,、通用航空、生物医药等战略性新兴产业和创新经济 ，打造电子信息、高端装备制造、新材料新能源、绿色食品、生物医药五大主导产业集群 。 以旅游业发展为抓手， 推动现代服务业新提升 。建设 一批全要素旅游景区， 重点发展休闲度假游，争创国家 全域旅游示范区， 构建 京津冀休闲旅游度假目的地。以山水为背景、文化为 底蕴 ， 加速文旅融合，全面 提升旅游 品质 。规划养老养生和健康产业基地， 引入 医疗康复、休闲健身等业态。 积极运用 “ 互联网 +” ， 发展农村 电子商务，构建安全、智慧、便捷的居民消费体系。加速一二三产深度融,https://www.tjjz.gov.cn/zwgk/ZFGZBG_20201207/202012/t20201227_5203179.html
2016,天津市蓟县2016年政府工作报告_政府工作报告__天津市蓟州区人民政府,京津冀,,新发展 。 推广 “ 龙头 + 合作社 + 农户 + 基地 ” 模式， 壮大 休闲观光型农业，促进农业增效、农民增收， 形成 服务京津的绿色农产品生产基地。瞄准产业主攻方向，强化全产业链招商，推动上下游企业成龙配套， 实现产业 集聚。围绕产业链部署创新链，借势京津冀协同发展，加强自主创新示范区分园建设，吸引创新资源，建成一批科技创新和成果转化平台， 培育一批创新型领军企业， 打造科技小巨人升级版。围 绕创新链完善资金链，鼓励众创、众包、众扶、众筹，发展天使、创业、产业投资，扶持企业上市融资，完善贷款风险补偿机制，为企业创,https://www.tjjz.gov.cn/zwgk/ZFGZBG_20201207/202012/t20201227_5203179.html
2016,天津市蓟县2016年政府工作报告_政府工作报告__天津市蓟州区人民政府,京津冀,,家院公司化运营 ， 全面提升农家院质量和水平，打造特色旅游村 49 个、升级农家院 300 户。围绕农业提质增效，抓好 “ 一减三增 ” 结构调整，完成大田调减 7.6 万亩。 推动农业与二产三产 深度融合，着力培育龙头企业，组团式推进乡野公园建设。积极 融入京津冀协同发展，主动 对接首都外溢资源， 创新机制，精准招商， 招大商、招好商，年内 新签约项目 100 个，其中北京地区项目 60 个。 （二） 抓建管，保生态，打造城乡新形象 坚持规划引领， 实现 城乡 总体规划 、土地 利用总体规划合一 ，优化建设空间。统筹新,https://www.tjjz.gov.cn/zwgk/ZFGZBG_20201207/202012/t20201227_5203179.html
2017,天津市蓟县2017年政府工作报告_政府工作报告__天津市蓟州区人民政府,北京,,“ 一减三增 ” 结构调整，发展了南蔬菜、北休闲、西苗木、东生态 “ 四大片区 ” 优质高效农业，有力地促进了农业增效、农民增收。 五年来，我们积极融入京津冀协同发展，在交通、产业和生态保护上全面对接，形成了协同发展的良好局面 。推动区域交通率先突破，开通直达北京城际列车，塘承高速、京秦高速蓟州段建成通车，与北京、河北方面对接的马营路、仓桑路西延等 5 条联络路纳入协同发展大路网布局。抢抓首都外溢资源，按照产业发展定位，实行市场化、精准化招商， 181 家成长性较好的科技企业落户园区。与国内外大企业、大集团密切合作，签,https://www.tjjz.gov.cn/zwgk/ZFGZBG_20201207/202012/t20201227_5203145.html
2017,天津市蓟县2017年政府工作报告_政府工作报告__天津市蓟州区人民政府,北京,,西苗木、东生态 “ 四大片区 ” 优质高效农业，有力地促进了农业增效、农民增收。 五年来，我们积极融入京津冀协同发展，在交通、产业和生态保护上全面对接，形成了协同发展的良好局面 。推动区域交通率先突破，开通直达北京城际列车，塘承高速、京秦高速蓟州段建成通车，与北京、河北方面对接的马营路、仓桑路西延等 5 条联络路纳入协同发展大路网布局。抢抓首都外溢资源，按照产业发展定位，实行市场化、精准化招商， 181 家成长性较好的科技企业落户园区。与国内外大企业、大集团密切合作，签约落地法国 PVCP 小镇、中英伊甸园旅游水镇、光,https://www.tjjz.gov.cn/zwgk/ZFGZBG_20201207/202012/t20201227_5203145.html
2017,天津市蓟县2017年政府工作报告_政府工作报告__天津市蓟州区人民政府,河北,,、东生态 “ 四大片区 ” 优质高效农业，有力地促进了农业增效、农民增收。 五年来，我们积极融入京津冀协同发展，在交通、产业和生态保护上全面对接，形成了协同发展的良好局面 。推动区域交通率先突破，开通直达北京城际列车，塘承高速、京秦高速蓟州段建成通车，与北京、河北方面对接的马营路、仓桑路西延等 5 条联络路纳入协同发展大路网布局。抢抓首都外溢资源，按照产业发展定位，实行市场化、精准化招商， 181 家成长性较好的科技企业落户园区。与国内外大企业、大集团密切合作，签约落地法国 PVCP 小镇、中英伊甸园旅游水镇、光大生物,https://www.tjjz.gov.cn/zwgk/ZFGZBG_20201207/202012/t20201227_5203145.html
2017,天津市蓟县2017年政府工作报告_政府工作报告__天津市蓟州区人民政府,河北,, 市交通运输委 市退役军人事务局 市卫生健康委 市文化和旅游局 市市场监管委 市外办 市审计局 市应急局 市医保局 市统计局 市体育局 市国资委 市信访办 市机关事务管理局 市金融局 市政务服务办 市消防救援总队 市知识产权局 市粮食和物资储备局 区政府网站 河北区 和平区 滨海新区 红桥区 南开区 河东区 河西区 津南区 西青区 东丽区 静海区 宝坻区 武清区 北辰区 宁河区 有关单位 市高法 市政协 市人大 市残联 市妇联 市地震局 市检察院 天津日报 人民网天津频道 中国文明网 北方网 天津电视台 今晚报 网站地,https://www.tjjz.gov.cn/zwgk/ZFGZBG_20201207/202012/t20201227_5203145.html
2017,天津市蓟县2017年政府工作报告_政府工作报告__天津市蓟州区人民政府,京津,"20%,60%", 行动计划，建成了一批景区化旅游精品村，旅游综合收入年均增长 20% ，服务业占比超过 60% 。深入推进 “ 一减三增 ” 结构调整，发展了南蔬菜、北休闲、西苗木、东生态 “ 四大片区 ” 优质高效农业，有力地促进了农业增效、农民增收。 五年来，我们积极融入京津冀协同发展，在交通、产业和生态保护上全面对接，形成了协同发展的良好局面 。推动区域交通率先突破，开通直达北京城际列车，塘承高速、京秦高速蓟州段建成通车，与北京、河北方面对接的马营路、仓桑路西延等 5 条联络路纳入协同发展大路网布局。抢抓首都外溢资源，按照产业发,https://www.tjjz.gov.cn/zwgk/ZFGZBG_20201207/202012/t20201227_5203145.html
2017,天津市蓟县2017年政府工作报告_政府工作报告__天津市蓟州区人民政府,京津,,念新思想新战略，特别是对天津 “ 三个着力 ” 的重要要求，按照中央统筹推进 “ 五位一体 ” 总体布局和协调推进 “ 四个全面 ” 战略布局，牢固树立和贯彻落实新发展理念，坚持稳中求进工作总基调，主动适应经济发展新常态，坚持以推进供给侧结构性改革为主线，抢抓京津冀协同发展重大战略机遇，念好 “ 五所大学 ” ，践行 “ 六民要旨 ” ，深化改革创新，着力改善民生，坚持绿色发展、实现跨越式发展，决战决胜全面建成高质量小康社会，努力建设高水平中等规模现代化旅游城市。 今后五年经济社会发展的思路目标是 ：立足撤县设区新起点,https://www.tjjz.gov.cn/zwgk/ZFGZBG_20201207/202012/t20201227_5203145.html
2017,天津市蓟县2017年政府工作报告_政府工作报告__天津市蓟州区人民政府,京津,,“ 五所大学 ” ，践行 “ 六民要旨 ” ，深化改革创新，着力改善民生，坚持绿色发展、实现跨越式发展，决战决胜全面建成高质量小康社会，努力建设高水平中等规模现代化旅游城市。 今后五年经济社会发展的思路目标是 ：立足撤县设区新起点和生态涵养发展区功能定位，置身京津冀协同发展，按照 “ 创新竞进、优化结构，以质为帅、效速兼取 ” 的思路，坚持绿色发展、实现跨越式发展，努力建设高水平中等规模现代化旅游城市。高水平，是全面发展的高水平，是特色突出的高水平，是效速兼取的高水平。 围绕区第一次党代会确定的具体目标，要坚持目标导向,https://www.tjjz.gov.cn/zwgk/ZFGZBG_20201207/202012/t20201227_5203145.html
2017,天津市蓟县2017年政府工作报告_政府工作报告__天津市蓟州区人民政府,京津,"56.5%,100%,10%",在全市前列。到 2021 年，全区林木绿化率达到 56.5% ，城镇生活污水集中处理率和生活垃圾无害化处理率达到 100% ，镇村街道硬化亮化美化实现全覆盖。 —— 打造商聚业兴新蓟州 。 把旅游休闲、文化创意、高新技术产业和绿色高品质农业作为产业发展方向，在京津冀协同发展中争先锋、当猛将，建好承接平台，优化招商机制，强化服务管理，选入一批重大项目、高端项目，用好行业龙头、企业龙头，形成龙头集聚带动之势。投产达产项目持续发力，投资结构、产业结构、税收结构更加优化，主要经济指标增幅保持在 10% 左右。围绕这一目标，我们,https://www.tjjz.gov.cn/zwgk/ZFGZBG_20201207/202012/t20201227_5203145.html
2017,天津市蓟县2017年政府工作报告_政府工作报告__天津市蓟州区人民政府,京津,, ” 、念好 “ 开放大学 ” 、念好 “ 绿色大学 ” 、念好 “ 创新大学 ” 、念好 “ 人民大学 ” 。 9 、六民要旨 ：民评民说是标准，民心民力是依靠，民意民生是依据，民议民怨是方向，民惠民富是目标，民苦民痛是失职。 10 、一城两园 ：蓟州新城、京津州河科技产业园、盘山文化产业园。 11 、三品一标： 无公害、绿色、有机农产品和地理标志产品。 12 、旅游 “1 ＋ 3” 管理体制改革 ：按照全域旅游示范区创建要求， “1” 即建立旅游发展委员会； “3” 即成立旅游巡回法庭、设立旅游警察、成立旅游市场监,https://www.tjjz.gov.cn/zwgk/ZFGZBG_20201207/202012/t20201227_5203145.html
2017,天津市蓟县2017年政府工作报告_政府工作报告__天津市蓟州区人民政府,京津冀,"20%,60%", 行动计划，建成了一批景区化旅游精品村，旅游综合收入年均增长 20% ，服务业占比超过 60% 。深入推进 “ 一减三增 ” 结构调整，发展了南蔬菜、北休闲、西苗木、东生态 “ 四大片区 ” 优质高效农业，有力地促进了农业增效、农民增收。 五年来，我们积极融入京津冀协同发展，在交通、产业和生态保护上全面对接，形成了协同发展的良好局面 。推动区域交通率先突破，开通直达北京城际列车，塘承高速、京秦高速蓟州段建成通车，与北京、河北方面对接的马营路、仓桑路西延等 5 条联络路纳入协同发展大路网布局。抢抓首都外溢资源，按照产业发展,https://www.tjjz.gov.cn/zwgk/ZFGZBG_20201207/202012/t20201227_5203145.html
2017,天津市蓟县2017年政府工作报告_政府工作报告__天津市蓟州区人民政府,京津冀,,念新思想新战略，特别是对天津 “ 三个着力 ” 的重要要求，按照中央统筹推进 “ 五位一体 ” 总体布局和协调推进 “ 四个全面 ” 战略布局，牢固树立和贯彻落实新发展理念，坚持稳中求进工作总基调，主动适应经济发展新常态，坚持以推进供给侧结构性改革为主线，抢抓京津冀协同发展重大战略机遇，念好 “ 五所大学 ” ，践行 “ 六民要旨 ” ，深化改革创新，着力改善民生，坚持绿色发展、实现跨越式发展，决战决胜全面建成高质量小康社会，努力建设高水平中等规模现代化旅游城市。 今后五年经济社会发展的思路目标是 ：立足撤县设区新起点和,https://www.tjjz.gov.cn/zwgk/ZFGZBG_20201207/202012/t20201227_5203145.html
2017,天津市蓟县2017年政府工作报告_政府工作报告__天津市蓟州区人民政府,京津冀,,“ 五所大学 ” ，践行 “ 六民要旨 ” ，深化改革创新，着力改善民生，坚持绿色发展、实现跨越式发展，决战决胜全面建成高质量小康社会，努力建设高水平中等规模现代化旅游城市。 今后五年经济社会发展的思路目标是 ：立足撤县设区新起点和生态涵养发展区功能定位，置身京津冀协同发展，按照 “ 创新竞进、优化结构，以质为帅、效速兼取 ” 的思路，坚持绿色发展、实现跨越式发展，努力建设高水平中等规模现代化旅游城市。高水平，是全面发展的高水平，是特色突出的高水平，是效速兼取的高水平。 围绕区第一次党代会确定的具体目标，要坚持目标导向，,https://www.tjjz.gov.cn/zwgk/ZFGZBG_20201207/202012/t20201227_5203145.html
2017,天津市蓟县2017年政府工作报告_政府工作报告__天津市蓟州区人民政府,京津冀,"56.5%,100%,10%",在全市前列。到 2021 年，全区林木绿化率达到 56.5% ，城镇生活污水集中处理率和生活垃圾无害化处理率达到 100% ，镇村街道硬化亮化美化实现全覆盖。 —— 打造商聚业兴新蓟州 。 把旅游休闲、文化创意、高新技术产业和绿色高品质农业作为产业发展方向，在京津冀协同发展中争先锋、当猛将，建好承接平台，优化招商机制，强化服务管理，选入一批重大项目、高端项目，用好行业龙头、企业龙头，形成龙头集聚带动之势。投产达产项目持续发力，投资结构、产业结构、税收结构更加优化，主要经济指标增幅保持在 10% 左右。围绕这一目标，我们要,https://www.tjjz.gov.cn/zwgk/ZFGZBG_20201207/202012/t20201227_5203145.html
2017,天津市蓟县2017年政府工作报告_政府工作报告__天津市蓟州区人民政府,旅游市场,,强生态保护，向绿水青山要效益 。进一步贯彻落实 “ 绿水青山就是金山银山 ” 的理念 ，在发展中保护、在保护中发展，实现生态效益和经济效益双赢。 向矿山修复要效益 。坚持科学修复，不搞二次破坏，以项目引进促矿区治理，扎实推进中英伊甸园旅游水镇项目建设，丰富我区旅游市场。 向绿化造林要效益 。完成营造林 10 万亩，搞好生态储备林建设，以林带村，提升项目区 96 个村环境；以林布景，建设好油用牡丹基地和千亩牡丹观赏园，打造公路、铁路两侧多彩景观带；以林富民，发展林下经济，搞活土地流转，就近安排就业，让农民多点增收。 向水源保,https://www.tjjz.gov.cn/zwgk/ZFGZBG_20201207/202012/t20201227_5203145.html
2017,天津市蓟县2017年政府工作报告_政府工作报告__天津市蓟州区人民政府,旅游市场,,新城、京津州河科技产业园、盘山文化产业园。 11 、三品一标： 无公害、绿色、有机农产品和地理标志产品。 12 、旅游 “1 ＋ 3” 管理体制改革 ：按照全域旅游示范区创建要求， “1” 即建立旅游发展委员会； “3” 即成立旅游巡回法庭、设立旅游警察、成立旅游市场监管所。 附件： 分享到： + 分享到： QQ空间 豆瓣网 【关闭页面】 市政府部门网站 市国动办 市发展改革委 市民族宗教委 市工业和信息化局 市科技局 市教委 市司法局 市民政局 市公安局 市规划和自然资源局 市人社局 市财政局 市城市管理委 市住房城乡建,https://www.tjjz.gov.cn/zwgk/ZFGZBG_20201207/202012/t20201227_5203145.html
2018,天津市蓟州区2018年政府工作报告_政府工作报告__天津市蓟州区人民政府,北京,,专用汽车产业园和上仓工业园，组建成立京津州河科技产业园，被纳入京津冀产业转移承接平台，成为京唐秦发展带 4 大功能区之一。紧盯非首都核心功能疏解，引龙头、强链条、促集聚，北大附中、中国药用植物研究所等一批优质高端项目相继进驻，全年签约重点项目 100 个，其中北京地区项目 70 个。强化路网互联互通，津围北二线竣工通车，蓟州龙湾站开工建设，侯玉公路、仓桑公路改建、马营公路西延、喜邦公路调线加快实施。推进区域务实合作，开展生态联防联控和旅游宣传推介，国家生态文明先行示范区和京东休闲旅游示范区进一步做实。启动东西部扶贫协作,https://www.tjjz.gov.cn/zwgk/ZFGZBG_20201207/202012/t20201227_5203142.html
2018,天津市蓟州区2018年政府工作报告_政府工作报告__天津市蓟州区人民政府,河北,, 市交通运输委 市退役军人事务局 市卫生健康委 市文化和旅游局 市市场监管委 市外办 市审计局 市应急局 市医保局 市统计局 市体育局 市国资委 市信访办 市机关事务管理局 市金融局 市政务服务办 市消防救援总队 市知识产权局 市粮食和物资储备局 区政府网站 河北区 和平区 滨海新区 红桥区 南开区 河东区 河西区 津南区 西青区 东丽区 静海区 宝坻区 武清区 北辰区 宁河区 有关单位 市高法 市政协 市人大 市残联 市妇联 市地震局 市检察院 天津日报 人民网天津频道 中国文明网 北方网 天津电视台 今晚报 网站地,https://www.tjjz.gov.cn/zwgk/ZFGZBG_20201207/202012/t20201227_5203142.html
2018,天津市蓟州区2018年政府工作报告_政府工作报告__天津市蓟州区人民政府,京津,13%,治理，大兴峪北、渔山矿区竣工，大兴峪南、老虎顶矿区基本完工。纵深推进城乡造林绿化，加快实施储备林基地建设，完成营造林 10 万亩。十月份以来，全区空气质量持续改善，月排名稳居全市第一。全年 PM2.5 浓度控制在 60 微克 / 立方米，同比下降 13% ，在京津冀 50 个国家生态功能区考核中排名第一。 （二）产业转型成效更加明显 。强化旅游龙头带动，扎实创建全域旅游示范区，旅游发展委员会正式成立，智慧旅游大数据中心初步建成，国家级旅游业改革创新先行区成功获批。稳步推进旅游供给侧结构性改革，一批精品民宿建成营业，郭家,https://www.tjjz.gov.cn/zwgk/ZFGZBG_20201207/202012/t20201227_5203142.html
2018,天津市蓟州区2018年政府工作报告_政府工作报告__天津市蓟州区人民政府,京津,"15.8%,19.5%",成功获批。稳步推进旅游供给侧结构性改革，一批精品民宿建成营业，郭家沟、北方江南、蓟洲国际度假旅游区 3 家景区被评为国家 3A 级旅游景区，杨津庄牡丹生态植物园、侯家营万亩荷塘成为平原旅游新亮点，乡村旅游被中央电视台、人民日报、光明日报相继报道，在 2017 京津冀 198 个区县旅游魅力指数排名中，我区位居第三名。全年接待游客 2400 万人次，增长 15.8% ，旅游综合收入 130 亿元，增长 19.5% 。商业街区品质提升， B 型保税物流中心获批并达到封关运营条件，全区新注册楼宇企业 755 家，实现楼宇税收,https://www.tjjz.gov.cn/zwgk/ZFGZBG_20201207/202012/t20201227_5203142.html
2018,天津市蓟州区2018年政府工作报告_政府工作报告__天津市蓟州区人民政府,京津,,个着力”重要要求为元为纲，全面贯彻党的十九大、中央经济工作会议和市委十一届二次、三次全会精神，认真落实区委一届五次、六次全会精神，坚持稳中求进工作总基调，践行新发展理念，紧扣社会主要矛盾变化，统筹推进“五位一体”总体布局、协调推进“四个全面”战略布局，深度融入京津冀协同发展，深化供给侧结构性改革，大力实施乡村振兴和“旅游 + ”战略，一二三产协调融合发展，打好山水牌、念好农字经、算好文化账、办好民心事、走好高质高端路、抓好全面从严治党根，奋力推进绿色发展、跨越式发展、高质量发展，推动发展质量变革、效率变革、动力变革，加,https://www.tjjz.gov.cn/zwgk/ZFGZBG_20201207/202012/t20201227_5203142.html
2018,天津市蓟州区2018年政府工作报告_政府工作报告__天津市蓟州区人民政府,京津,"13%,16%",级。聚焦乡村旅游发展，做精北方江南、万亩荷塘、张家大院等一批平原旅游亮点，发展更多旅游精品村、特色村、民俗村，促进农旅文旅商旅工旅深度融合。全年接待游客人次和旅游综合收入分别增长 13% 和 16% 。 提质工业发展层级。深化与中交疏浚集团合作，高水平开发运营京津州河科技产业园，打造优势突出、特色鲜明、功能完善的载体平台。优化园区功能定位，做大做强先进装备制造、新能源新材料、绿色食品、生物医药等主导产业，积极发展装配式建筑等新产业，加速融入京唐秦产业发展带，力争早日跨入国家级工业园区行列。做实景军工业园、磁性材料园等 ,https://www.tjjz.gov.cn/zwgk/ZFGZBG_20201207/202012/t20201227_5203142.html
2018,天津市蓟州区2018年政府工作报告_政府工作报告__天津市蓟州区人民政府,京津,,貌 大力发展现代农业。围绕提升农业综合效益，实施北部山区低效林果业和南部平原低效农业改造工程，持续扩大蓝莓、核桃、食用菌等高效作物种植面积。强化典型带动，培育示范家庭农场 5 家、市级龙头企业 3 家，申报认定市级以上合作社 10 家。完善农产品流通体系，打造京津冀绿色高档菜篮子产品供给区，扩大 “ 蓟州农品 ” 知名度。 大力促进农民增收。围绕拓宽农民增收渠道，开展新一轮困难村帮扶，实施 288 个村基础设施和产业发展项目，提高精准帮扶质量。做实农旅融合文章，积极发展休闲观光农业，因地制宜建设一批特色小镇，打造一批美,https://www.tjjz.gov.cn/zwgk/ZFGZBG_20201207/202012/t20201227_5203142.html
2018,天津市蓟州区2018年政府工作报告_政府工作报告__天津市蓟州区人民政府,京津,,作，促进帮扶地区加快发展。 深化周边区域合作。加强路网互联互通，积极推进津承城际铁路前期工作，建成启用蓟州龙湾站，打造轨道交通枢纽。协调推进京秦高速全线通车，打通一批区域联络的瓶颈路、断头路，全力推进“四好”农村路建设。联合周边共建国家生态文明先行示范区，筑牢京津冀生态安全屏障。实施京东旅游整体营销策划，逐步推行一张图、一张卡、一张网、一个优惠政策，加快建设京东休闲旅游示范区核心区，提高蓟州旅游品牌影响力。 （五）全力推动改革创新，释放体制机制新活力 实施创新驱动发展战略。高标准打造国家自主创新示范区分园，培育创新主体,https://www.tjjz.gov.cn/zwgk/ZFGZBG_20201207/202012/t20201227_5203142.html
2018,天津市蓟州区2018年政府工作报告_政府工作报告__天津市蓟州区人民政府,京津冀,13%,治理，大兴峪北、渔山矿区竣工，大兴峪南、老虎顶矿区基本完工。纵深推进城乡造林绿化，加快实施储备林基地建设，完成营造林 10 万亩。十月份以来，全区空气质量持续改善，月排名稳居全市第一。全年 PM2.5 浓度控制在 60 微克 / 立方米，同比下降 13% ，在京津冀 50 个国家生态功能区考核中排名第一。 （二）产业转型成效更加明显 。强化旅游龙头带动，扎实创建全域旅游示范区，旅游发展委员会正式成立，智慧旅游大数据中心初步建成，国家级旅游业改革创新先行区成功获批。稳步推进旅游供给侧结构性改革，一批精品民宿建成营业，郭家沟,https://www.tjjz.gov.cn/zwgk/ZFGZBG_20201207/202012/t20201227_5203142.html
2018,天津市蓟州区2018年政府工作报告_政府工作报告__天津市蓟州区人民政府,京津冀,"15.8%,19.5%",成功获批。稳步推进旅游供给侧结构性改革，一批精品民宿建成营业，郭家沟、北方江南、蓟洲国际度假旅游区 3 家景区被评为国家 3A 级旅游景区，杨津庄牡丹生态植物园、侯家营万亩荷塘成为平原旅游新亮点，乡村旅游被中央电视台、人民日报、光明日报相继报道，在 2017 京津冀 198 个区县旅游魅力指数排名中，我区位居第三名。全年接待游客 2400 万人次，增长 15.8% ，旅游综合收入 130 亿元，增长 19.5% 。商业街区品质提升， B 型保税物流中心获批并达到封关运营条件，全区新注册楼宇企业 755 家，实现楼宇税收 ,https://www.tjjz.gov.cn/zwgk/ZFGZBG_20201207/202012/t20201227_5203142.html
2018,天津市蓟州区2018年政府工作报告_政府工作报告__天津市蓟州区人民政府,京津冀,,个着力”重要要求为元为纲，全面贯彻党的十九大、中央经济工作会议和市委十一届二次、三次全会精神，认真落实区委一届五次、六次全会精神，坚持稳中求进工作总基调，践行新发展理念，紧扣社会主要矛盾变化，统筹推进“五位一体”总体布局、协调推进“四个全面”战略布局，深度融入京津冀协同发展，深化供给侧结构性改革，大力实施乡村振兴和“旅游 + ”战略，一二三产协调融合发展，打好山水牌、念好农字经、算好文化账、办好民心事、走好高质高端路、抓好全面从严治党根，奋力推进绿色发展、跨越式发展、高质量发展，推动发展质量变革、效率变革、动力变革，加快,https://www.tjjz.gov.cn/zwgk/ZFGZBG_20201207/202012/t20201227_5203142.html
2018,天津市蓟州区2018年政府工作报告_政府工作报告__天津市蓟州区人民政府,京津冀,,貌 大力发展现代农业。围绕提升农业综合效益，实施北部山区低效林果业和南部平原低效农业改造工程，持续扩大蓝莓、核桃、食用菌等高效作物种植面积。强化典型带动，培育示范家庭农场 5 家、市级龙头企业 3 家，申报认定市级以上合作社 10 家。完善农产品流通体系，打造京津冀绿色高档菜篮子产品供给区，扩大 “ 蓟州农品 ” 知名度。 大力促进农民增收。围绕拓宽农民增收渠道，开展新一轮困难村帮扶，实施 288 个村基础设施和产业发展项目，提高精准帮扶质量。做实农旅融合文章，积极发展休闲观光农业，因地制宜建设一批特色小镇，打造一批美丽,https://www.tjjz.gov.cn/zwgk/ZFGZBG_20201207/202012/t20201227_5203142.html
2018,天津市蓟州区2018年政府工作报告_政府工作报告__天津市蓟州区人民政府,京津冀,,作，促进帮扶地区加快发展。 深化周边区域合作。加强路网互联互通，积极推进津承城际铁路前期工作，建成启用蓟州龙湾站，打造轨道交通枢纽。协调推进京秦高速全线通车，打通一批区域联络的瓶颈路、断头路，全力推进“四好”农村路建设。联合周边共建国家生态文明先行示范区，筑牢京津冀生态安全屏障。实施京东旅游整体营销策划，逐步推行一张图、一张卡、一张网、一个优惠政策，加快建设京东休闲旅游示范区核心区，提高蓟州旅游品牌影响力。 （五）全力推动改革创新，释放体制机制新活力 实施创新驱动发展战略。高标准打造国家自主创新示范区分园，培育创新主体、,https://www.tjjz.gov.cn/zwgk/ZFGZBG_20201207/202012/t20201227_5203142.html
2018,天津市蓟州区2018年政府工作报告_政府工作报告__天津市蓟州区人民政府,游客,"15.8%,19.5%",沟、北方江南、蓟洲国际度假旅游区 3 家景区被评为国家 3A 级旅游景区，杨津庄牡丹生态植物园、侯家营万亩荷塘成为平原旅游新亮点，乡村旅游被中央电视台、人民日报、光明日报相继报道，在 2017 京津冀 198 个区县旅游魅力指数排名中，我区位居第三名。全年接待游客 2400 万人次，增长 15.8% ，旅游综合收入 130 亿元，增长 19.5% 。商业街区品质提升， B 型保税物流中心获批并达到封关运营条件，全区新注册楼宇企业 755 家，实现楼宇税收 9 亿元，社会消费品零售额突破 200 亿元。加速集聚新型工业，,https://www.tjjz.gov.cn/zwgk/ZFGZBG_20201207/202012/t20201227_5203142.html
2018,天津市蓟州区2018年政府工作报告_政府工作报告__天津市蓟州区人民政府,游客,"13%,16%",革创新先行区建设。深化与华侨城战略合作，提升核心景区设施功能，推进长城 5A 级景区创建，带动景区管理服务全面升级。聚焦乡村旅游发展，做精北方江南、万亩荷塘、张家大院等一批平原旅游亮点，发展更多旅游精品村、特色村、民俗村，促进农旅文旅商旅工旅深度融合。全年接待游客人次和旅游综合收入分别增长 13% 和 16% 。 提质工业发展层级。深化与中交疏浚集团合作，高水平开发运营京津州河科技产业园，打造优势突出、特色鲜明、功能完善的载体平台。优化园区功能定位，做大做强先进装备制造、新能源新材料、绿色食品、生物医药等主导产业，积极,https://www.tjjz.gov.cn/zwgk/ZFGZBG_20201207/202012/t20201227_5203142.html
2019,区发展改革委关于核定八仙山景区门票及观光车收费标准的通知_发展改革委_政务公开,天津,,区发展改革委关于核定八仙山景区门票及观光车收费标准的通知_发展改革委_政务公开 天津市蓟州区人民政府 2019年12月3日星期二 无障碍 无障碍 简体 | 繁体 长者模式 长者模式 政务公开 > 政策文件 > 区级文件 > 发展改革委 名 称 ： 区发展改革委关于核定八仙山景区门票及观光车收费标准的通知 索 引 号 ： 11120225000,https://www.tjjz.gov.cn/zwgk/zcwj/qjwj/qjjg/fzggw2/202606/t20260604_7312094.html
2019,区发展改革委关于核定八仙山景区门票及观光车收费标准的通知_发展改革委_政务公开,天津,,碍 简体 | 繁体 长者模式 长者模式 政务公开 > 政策文件 > 区级文件 > 发展改革委 名 称 ： 区发展改革委关于核定八仙山景区门票及观光车收费标准的通知 索 引 号 ： 111202250002088058/2026-00001 发 布 机 构 ： 天津市蓟州区发展和改革委员会 发 文 字 号 ： 蓟发改〔2026〕6号 主 题 ： 国民经济和社会发展\物价 成 文 日 期 ： 发 文 日 期 ： 有 效 性 ： 有效 区发展改革委 关于核定 八仙山景区 门票及观光车收费标准 的通知 天津 蓟州旅游文化集团 ,https://www.tjjz.gov.cn/zwgk/zcwj/qjwj/qjjg/fzggw2/202606/t20260604_7312094.html
2019,区发展改革委关于核定八仙山景区门票及观光车收费标准的通知_发展改革委_政务公开,天津,,发 布 机 构 ： 天津市蓟州区发展和改革委员会 发 文 字 号 ： 蓟发改〔2026〕6号 主 题 ： 国民经济和社会发展\物价 成 文 日 期 ： 发 文 日 期 ： 有 效 性 ： 有效 区发展改革委 关于核定 八仙山景区 门票及观光车收费标准 的通知 天津 蓟州旅游文化集团 有限公司： 你单位《关于 核定八仙山景区门票价格的 请示》收悉， 依据 《中华人民共和国价格法》 、《政府制定价格行为规则》、《政府制定价格成本监审办法》、 《政府制定价格听证办法》 等 有关规定 ，对八仙山景区 2025 年运营情况进行 ,https://www.tjjz.gov.cn/zwgk/zcwj/qjwj/qjjg/fzggw2/202606/t20260604_7312094.html
2019,区发展改革委关于核定八仙山景区门票及观光车收费标准的通知_发展改革委_政务公开,天津,,游客做好宣传解释工作。 此收费标准自文件印发之日起执行 ，此前相关规定与本标准不一致的，以本标准为准，原有规定自动废止。 2026 年 6 月 4 日 附件： | 政策解读 | 相关政策 | 相关报道 网站地图 | 联系我们 | 法律声明 | 使用帮助 主办：天津市蓟州区人民政府 版权所有© 网站标识码:1202250001 津ICP备17006421号 津公网安备12022502000073号 系统检测到您正在使用ie11以下内核的浏览器，不能实现完美体验，请更换或升级浏览器访问！ 网站地图 | 联系我们 | 法律声,https://www.tjjz.gov.cn/zwgk/zcwj/qjwj/qjjg/fzggw2/202606/t20260604_7312094.html
2019,区发展改革委关于核定八仙山景区门票及观光车收费标准的通知_发展改革委_政务公开,游客,, 65 元 ，第二段观光车单程每人每券 20 元 。 二、八仙山景区 门票 及观光车 价格的减免范围及优惠幅度按国家有关规定执行。 三 、景区要认真执行明码标价制度，在售票场所的显著位置公示 景区门票及 观光车 收费标准 ，自觉接受价格管理部门的监督检查，并向游客做好宣传解释工作。 此收费标准自文件印发之日起执行 ，此前相关规定与本标准不一致的，以本标准为准，原有规定自动废止。 2026 年 6 月 4 日 附件： | 政策解读 | 相关政策 | 相关报道 网站地图 | 联系我们 | 法律声明 | 使用帮助 主办：天津,https://www.tjjz.gov.cn/zwgk/zcwj/qjwj/qjjg/fzggw2/202606/t20260604_7312094.html
2019,天津市蓟州区2019年政府工作报告_政府工作报告__天津市蓟州区人民政府,北京,,近了与首都的时空距离。强化载体建设，着眼打造京唐秦产业带重点功能区，完成京津州河科技产业园新一轮高标准规划编制，开发面积扩展至 16.8 平方公里，建成配套设施 54.6 万平方米，盘活低效闲置土地 1500 亩。开展精准招商，主动承接非首都核心功能疏解，签约北京地区优质项目 64 个、总投资 309.4 亿元。深化区域合作，国家生态文明先行示范区和京东休闲旅游示范区建设扎实推进。 全面加强东西部扶贫协作 。建立交流互访机制，一批挂职干部和专业人才互派交流，一批劳务人员在津实现就业。瞄准产业帮扶发力，帮助受援地发展乡村,https://www.tjjz.gov.cn/zwgk/ZFGZBG_20201207/202012/t20201227_5203369.html
2019,天津市蓟州区2019年政府工作报告_政府工作报告__天津市蓟州区人民政府,北京,,目，跟进一批配套型企业，放大主导产业集聚效应。紧盯落地项目，完善 “ 四个一 ” 机制，优化服务流程，保障要素供给，提高合同履约率、资金到位率、项目开工率。全年计划签约智能制造、新能源新材料、生物医药、教育科研、文化旅游、大健康等领域重点项目 100 个，其中北京项目 60 个。 深化区域合作 。瞄准建设环北京一小时生活圈品质城市，推进跨区域深层次务实合作，高标准规划邦喜二线沿线产业带，与平谷区规划建设沟域经济发展带。强化路网互联，协调推进津承铁路和京平轨道东延前期工作，实现邦喜二线、仓桑路改建竣工通车。强化生态共建，,https://www.tjjz.gov.cn/zwgk/ZFGZBG_20201207/202012/t20201227_5203369.html
2019,天津市蓟州区2019年政府工作报告_政府工作报告__天津市蓟州区人民政府,北京,,盯落地项目，完善 “ 四个一 ” 机制，优化服务流程，保障要素供给，提高合同履约率、资金到位率、项目开工率。全年计划签约智能制造、新能源新材料、生物医药、教育科研、文化旅游、大健康等领域重点项目 100 个，其中北京项目 60 个。 深化区域合作 。瞄准建设环北京一小时生活圈品质城市，推进跨区域深层次务实合作，高标准规划邦喜二线沿线产业带，与平谷区规划建设沟域经济发展带。强化路网互联，协调推进津承铁路和京平轨道东延前期工作，实现邦喜二线、仓桑路改建竣工通车。强化生态共建，联合保护 泃 河水质、防控森林火灾、打击盗采盗运,https://www.tjjz.gov.cn/zwgk/ZFGZBG_20201207/202012/t20201227_5203369.html
2019,天津市蓟州区2019年政府工作报告_政府工作报告__天津市蓟州区人民政府,天津,,村振兴战略，科学谋划 “ 十百千万 ” 工程，改造提升 “ 两低 ” 农业，新发展休闲观光农业 3735 亩，新建高标准农田 1.8 万亩。新申报国家级示范社 4 家，培育示范家庭农场 16 家，认定市农业产业化联合体 1 家，一批特色农产品走出国门。成功举办天津市首届 “ 中国农民丰收节 ” ，出头岭镇被列为 “ 国家农业产业强镇 ” ，我区被列入全国农村一二三产业融合发展先导区创建试点。 （二）抓协同促合作，对外开放水平明显提升 坚决贯彻落实国家重大战略决策，全力推动京津冀协同发展和东西部扶贫协作。 主动融入京津冀,https://www.tjjz.gov.cn/zwgk/ZFGZBG_20201207/202012/t20201227_5203369.html
2019,天津市蓟州区2019年政府工作报告_政府工作报告__天津市蓟州区人民政府,河北,, 市交通运输委 市退役军人事务局 市卫生健康委 市文化和旅游局 市市场监管委 市外办 市审计局 市应急局 市医保局 市统计局 市体育局 市国资委 市信访办 市机关事务管理局 市金融局 市政务服务办 市消防救援总队 市知识产权局 市粮食和物资储备局 区政府网站 河北区 和平区 滨海新区 红桥区 南开区 河东区 河西区 津南区 西青区 东丽区 静海区 宝坻区 武清区 北辰区 宁河区 有关单位 市高法 市政协 市人大 市残联 市妇联 市地震局 市检察院 天津日报 人民网天津频道 中国文明网 北方网 天津电视台 今晚报 网站地,https://www.tjjz.gov.cn/zwgk/ZFGZBG_20201207/202012/t20201227_5203369.html
2019,天津市蓟州区2019年政府工作报告_政府工作报告__天津市蓟州区人民政府,京津,,展休闲观光农业，培育平原旅游新亮点。坚持留白、留绿、留璞，总结推广小穿、西井峪经验，引导传统农家院改造升级，创建一批精品民宿，满足游客高端消费需求。 创新旅游营销模式 。全方位开展旅游宣传推介，建立 “ 互联网 + 旅游 ” 电子营销平台，打响 “ 山水蓟州、京津花园 ” 品牌。精心办好长城国际马拉松、盘山国际越野挑战赛等主题活动。启动旅游集散中心建设，推出一批 “ 蓟州礼物 ” ，振兴渔阳酒、子火烧等老字号，形成蓟州 “ 新名片 ” 。做实伊甸园等文旅龙头项目，推动春光野生动物园、奥悦冰雪项目落地开工，丰富旅游产品供,https://www.tjjz.gov.cn/zwgk/ZFGZBG_20201207/202012/t20201227_5203369.html
2019,天津市蓟州区2019年政府工作报告_政府工作报告__天津市蓟州区人民政府,游客,"11%,9%",劲 。国家全域旅游示范区创建扎实推进，综合执法体系全面建立，智慧旅游大数据中心上线运行。黄崖关长城国家 5A 景区创建深入实施，车神架、国色天香牡丹园等一批景区开业运营。 “ 蓟州礼物 ” 系列纪念品启动研发，金秋旅游节、梨花节等系列主题活动成功举办。全年接待游客 2660 万人次，增长 11% ，旅游综合收入 142 亿元，增长 9% 。 商贸流通繁荣活跃 。北雁商城、州河湾西坊盛大开业，农村电商公共服务中心正式成立，京东商城蓟州特色馆开业运营，夜间经济试点启动实施。 B 型保税物流中心顺利建成，恒天、中机、普洛斯、,https://www.tjjz.gov.cn/zwgk/ZFGZBG_20201207/202012/t20201227_5203369.html
2019,天津市蓟州区2019年政府工作报告_政府工作报告__天津市蓟州区人民政府,游客,,游 。聚焦国家全域旅游示范区创建，推动全域旅游战略规划深入实施，促进旅游业全区域、全要素、全链条发展。 提升核心景区品质 。发挥核心景区吸附效应和辐射功能，引入关联业态，配套服务设施，打造全域旅游新标杆。实施盘山景区挂月索道升级改造，包装打造高山漂流项目，丰富游客体验。推进长城景区扩容，实施古长城保护修缮，提速国家 5A 级景区创建进程。建设梨木台森林疗养基地，打造景区旅游环线。优化管理服务，促进景区规范化发展，再创一批 3A 级、 4A 级景区。 推动乡村旅游升级 。启动休闲农业和乡村旅游规划编制，打造 5 个中高端,https://www.tjjz.gov.cn/zwgk/ZFGZBG_20201207/202012/t20201227_5203369.html
2019,天津市蓟州区2019年政府工作报告_政府工作报告__天津市蓟州区人民政府,游客,,镇村地域特色、资源优势和文化内涵，完善配套服务设施，开发旅游新业态，提升打造 10 个精品旅游特色村。做足农旅融合文章，因地制宜发展休闲观光农业，培育平原旅游新亮点。坚持留白、留绿、留璞，总结推广小穿、西井峪经验，引导传统农家院改造升级，创建一批精品民宿，满足游客高端消费需求。 创新旅游营销模式 。全方位开展旅游宣传推介，建立 “ 互联网 + 旅游 ” 电子营销平台，打响 “ 山水蓟州、京津花园 ” 品牌。精心办好长城国际马拉松、盘山国际越野挑战赛等主题活动。启动旅游集散中心建设，推出一批 “ 蓟州礼物 ” ，振兴渔阳,https://www.tjjz.gov.cn/zwgk/ZFGZBG_20201207/202012/t20201227_5203369.html
2019,天津市蓟州区2019年政府工作报告_政府工作报告__天津市蓟州区人民政府,游客,"8.3%,16%",牌。精心办好长城国际马拉松、盘山国际越野挑战赛等主题活动。启动旅游集散中心建设，推出一批 “ 蓟州礼物 ” ，振兴渔阳酒、子火烧等老字号，形成蓟州 “ 新名片 ” 。做实伊甸园等文旅龙头项目，推动春光野生动物园、奥悦冰雪项目落地开工，丰富旅游产品供给。全年接待游客和旅游收入分别增长 8.3% 和 16% 。 （三）持续推动乡村振兴 。着眼城乡统筹协调发展，完善乡村振兴战略规划，集聚优势资源，补齐 “ 三农 ” 短板，助力乡村全面振兴。 大力发展富民产业 。深入实施 “ 两低 ” 农业提升工程，打造下营镇智慧农业产业园、,https://www.tjjz.gov.cn/zwgk/ZFGZBG_20201207/202012/t20201227_5203369.html
2019,天津市蓟州区人民政府关于印发天津市蓟州区国民经济和社会发展第十五个五年规划纲要的通知_区政府_政务公开,北京,"45%,36.7%",知名度、吸引力大幅提升 。五年接待游客 1.05 亿人次，实现综合收入 792.5 亿元 ， 较 “ 十三五 ” 时期增长 45% ，人均文旅消费较 “ 十三五 ” 末提高 36.7% 。区域合作平台建设取得新进展， “ 平蓟三兴 ” 一体化发展不断深入，与 北京通州区、河北唐山市 、廊坊 “ 北三县 ” 确立共建 “ 京东黄金走廊 ” 六个一体化机制，启动平蓟兴 “ 美丽中国绿色低碳一体化发展区 ” 建设。 —— 因地制宜引育新质生产力， 新旧动能加快转换。 增量不断做优做大， 市场主体总量达 11. 5 万户，较 ,https://www.tjjz.gov.cn/zwgk/zcwj/qjwj/qzf2/202605/t20260518_7300761.html
2019,天津市蓟州区人民政府关于印发天津市蓟州区国民经济和社会发展第十五个五年规划纲要的通知_区政府_政务公开,北京,, 加快融入北京高端配送服务市场 ， 对接北京十大生鲜配送企业，加强策划营销，开设 “ 蓟州农品 ” 特供专栏，促成会员制生鲜专供品牌合作。 （三）走 “ 直销 ” 路线。 依托绿食集团，搭建农产品流通企业与新型农业经营主体对接平台，推进 “ 蓟州农品 ” 嵌入北京社区 ， 促进优质农产品 进驻 京津连锁商超和各类零售终端。 （四）走 “ 线上 ” 路线。 整合农品电商经营主体，扩大农产品线上销售规模。 培育 一批 “ 掌上农场 ” 试点项目 。 6 ． 打造京津冀休闲度假基地。 紧盯 京津 特大 市场 ，打好 “ 官媒,https://www.tjjz.gov.cn/zwgk/zcwj/qjwj/qzf2/202605/t20260518_7300761.html
2019,天津市蓟州区人民政府关于印发天津市蓟州区国民经济和社会发展第十五个五年规划纲要的通知_区政府_政务公开,北京,,电商经营主体，扩大农产品线上销售规模。 培育 一批 “ 掌上农场 ” 试点项目 。 6 ． 打造京津冀休闲度假基地。 紧盯 京津 特大 市场 ，打好 “ 官媒推介、流量 营销、活动引流 ” 组合拳，强化 “ 蓟州印象 ” ，提升蓟州旅游品牌知名度和影响力。紧盯北京旅游市场需求侧，推出一批具有较强吸引力的潮流产品和四季活动，全面增强旅游产品吸引力。 发挥 “ 津旅时光号 ” 文旅专列 作用 ，提升蓟州北站游客接驳功能，争取开通北京直达蓟州的文旅专列，联动发展 “ 票根 ” 经济。依托京东文旅圈建设，强化与北京旅游资源一体,https://www.tjjz.gov.cn/zwgk/zcwj/qjwj/qzf2/202605/t20260518_7300761.html
2019,天津市蓟州区人民政府关于印发天津市蓟州区国民经济和社会发展第十五个五年规划纲要的通知_区政府_政务公开,北京,, 营销、活动引流 ” 组合拳，强化 “ 蓟州印象 ” ，提升蓟州旅游品牌知名度和影响力。紧盯北京旅游市场需求侧，推出一批具有较强吸引力的潮流产品和四季活动，全面增强旅游产品吸引力。 发挥 “ 津旅时光号 ” 文旅专列 作用 ，提升蓟州北站游客接驳功能，争取开通北京直达蓟州的文旅专列，联动发展 “ 票根 ” 经济。依托京东文旅圈建设，强化与北京旅游资源一体化营销，丰富联票内容，打造联合引流路线，促进共建共享共赢。全方位提升旅游品质、旅游环境、旅游设施、旅游服务，增强游客体验感和满意度，让游客留念蓟州。 第三节 全面加强 ,https://www.tjjz.gov.cn/zwgk/zcwj/qjwj/qzf2/202605/t20260518_7300761.html
2019,天津市蓟州区人民政府关于印发天津市蓟州区国民经济和社会发展第十五个五年规划纲要的通知_区政府_政务公开,北京,,影响力。紧盯北京旅游市场需求侧，推出一批具有较强吸引力的潮流产品和四季活动，全面增强旅游产品吸引力。 发挥 “ 津旅时光号 ” 文旅专列 作用 ，提升蓟州北站游客接驳功能，争取开通北京直达蓟州的文旅专列，联动发展 “ 票根 ” 经济。依托京东文旅圈建设，强化与北京旅游资源一体化营销，丰富联票内容，打造联合引流路线，促进共建共享共赢。全方位提升旅游品质、旅游环境、旅游设施、旅游服务，增强游客体验感和满意度，让游客留念蓟州。 第三节 全面加强 “ 硬联通 ” 和 “ 软联通 ” 7 ． 加快推动交通协同发展。 以构建 “ ,https://www.tjjz.gov.cn/zwgk/zcwj/qjwj/qzf2/202605/t20260518_7300761.html
2019,天津市蓟州区人民政府关于印发天津市蓟州区国民经济和社会发展第十五个五年规划纲要的通知_区政府_政务公开,北京,,识等康养业态。加快发展银发经济 ， 增强医养结合、候鸟式养老等高端化、品牌化、复合化养老产品供给。以串联中国传统文化、优质农品资源、文旅资源为核心，着力引进康养综合体项目，实现农、文、旅、养深度融合。 第四节 前瞻布局未来产业 3 4 ． 商业航天。 积极抢抓北京建设商业航天产业基地有利契机，依托蓟州区新材料产业基础、表面处理资质以及高效完备的物流基础等条件，加大与北京航天科技集团、斯瑞新材、北京爱思达航天科技等火箭制造龙头企业的对接力度，着力引进大火箭零部件中上游企业。鼓励哈工永兴、德尚金属等重点企业加大研发投入，加,https://www.tjjz.gov.cn/zwgk/zcwj/qjwj/qzf2/202605/t20260518_7300761.html
2019,天津市蓟州区人民政府关于印发天津市蓟州区国民经济和社会发展第十五个五年规划纲要的通知_区政府_政务公开,北京,,传统文化、优质农品资源、文旅资源为核心，着力引进康养综合体项目，实现农、文、旅、养深度融合。 第四节 前瞻布局未来产业 3 4 ． 商业航天。 积极抢抓北京建设商业航天产业基地有利契机，依托蓟州区新材料产业基础、表面处理资质以及高效完备的物流基础等条件，加大与北京航天科技集团、斯瑞新材、北京爱思达航天科技等火箭制造龙头企业的对接力度，着力引进大火箭零部件中上游企业。鼓励哈工永兴、德尚金属等重点企业加大研发投入，加快新产品开发和攻关，积极拓展商业航天零配件、宇航服务设备等业务。根据发展基础和条件，适时布局建设商业航天科技,https://www.tjjz.gov.cn/zwgk/zcwj/qjwj/qzf2/202605/t20260518_7300761.html
2019,天津市蓟州区人民政府关于印发天津市蓟州区国民经济和社会发展第十五个五年规划纲要的通知_区政府_政务公开,天津,,盘山 ” 山前片区。 （ 1 ）依托春山里生态教育国际生活示范区建设，引进京津 文化、研学、教育等 资源， 加快 京津人流、物流、资金流 汇集 。（ 2 ） 盘活 盘龙谷文化产业园、盘山 体育公园 等闲置 资源 ，打造文化旅游产业特色承接区。 （ 3 ） 实施天津传媒学院扩建工程，完善学院周边配套服务，深化校地合作，助力文旅产业发展。 专栏 2 “ 一主、一专、双片区 ” 重点建设任务 2 ． 主动融入 “ 京津研发、区域转化 ” 格局。 围绕新材料研发转化、农技试验应用、生态环保概念验证等重点领域，紧密对接国家部委、,https://www.tjjz.gov.cn/zwgk/zcwj/qjwj/qzf2/202605/t20260518_7300761.html
2019,天津市蓟州区人民政府关于印发天津市蓟州区国民经济和社会发展第十五个五年规划纲要的通知_区政府_政务公开,河北,"45%,36.7%",力大幅提升 。五年接待游客 1.05 亿人次，实现综合收入 792.5 亿元 ， 较 “ 十三五 ” 时期增长 45% ，人均文旅消费较 “ 十三五 ” 末提高 36.7% 。区域合作平台建设取得新进展， “ 平蓟三兴 ” 一体化发展不断深入，与 北京通州区、河北唐山市 、廊坊 “ 北三县 ” 确立共建 “ 京东黄金走廊 ” 六个一体化机制，启动平蓟兴 “ 美丽中国绿色低碳一体化发展区 ” 建设。 —— 因地制宜引育新质生产力， 新旧动能加快转换。 增量不断做优做大， 市场主体总量达 11. 5 万户，较 “ 十三五 ,https://www.tjjz.gov.cn/zwgk/zcwj/qjwj/qzf2/202605/t20260518_7300761.html
2019,天津市蓟州区人民政府关于印发天津市蓟州区国民经济和社会发展第十五个五年规划纲要的通知_区政府_政务公开,唐山,"45%,36.7%",幅提升 。五年接待游客 1.05 亿人次，实现综合收入 792.5 亿元 ， 较 “ 十三五 ” 时期增长 45% ，人均文旅消费较 “ 十三五 ” 末提高 36.7% 。区域合作平台建设取得新进展， “ 平蓟三兴 ” 一体化发展不断深入，与 北京通州区、河北唐山市 、廊坊 “ 北三县 ” 确立共建 “ 京东黄金走廊 ” 六个一体化机制，启动平蓟兴 “ 美丽中国绿色低碳一体化发展区 ” 建设。 —— 因地制宜引育新质生产力， 新旧动能加快转换。 增量不断做优做大， 市场主体总量达 11. 5 万户，较 “ 十三五 ” ,https://www.tjjz.gov.cn/zwgk/zcwj/qjwj/qzf2/202605/t20260518_7300761.html
2019,天津市蓟州区人民政府关于印发天津市蓟州区国民经济和社会发展第十五个五年规划纲要的通知_区政府_政务公开,廊坊,"45%,36.7%",五年接待游客 1.05 亿人次，实现综合收入 792.5 亿元 ， 较 “ 十三五 ” 时期增长 45% ，人均文旅消费较 “ 十三五 ” 末提高 36.7% 。区域合作平台建设取得新进展， “ 平蓟三兴 ” 一体化发展不断深入，与 北京通州区、河北唐山市 、廊坊 “ 北三县 ” 确立共建 “ 京东黄金走廊 ” 六个一体化机制，启动平蓟兴 “ 美丽中国绿色低碳一体化发展区 ” 建设。 —— 因地制宜引育新质生产力， 新旧动能加快转换。 增量不断做优做大， 市场主体总量达 11. 5 万户，较 “ 十三五 ” 末增长 3,https://www.tjjz.gov.cn/zwgk/zcwj/qjwj/qzf2/202605/t20260518_7300761.html
2019,天津市蓟州区人民政府关于印发天津市蓟州区国民经济和社会发展第十五个五年规划纲要的通知_区政府_政务公开,京津,,…………………… . ……1 3 2. 主动融入 “京津研发、区域转化”格局 ……………………………………… .……1 5 3. 促进制造业产业链协作 ………………………………………………………… . ……1 5 第二节 全力打造服务保障基地 16 4. 打造京津冀供 应链服务保障基地 ………………………………………………… . …1 6 5. 打造 京津冀绿色食品供应基地 ………………………………………………… . ……1 7 6. 打造京津冀休闲 度假基地 ………………………………………… ........ ………,https://www.tjjz.gov.cn/zwgk/zcwj/qjwj/qzf2/202605/t20260518_7300761.html
2019,天津市蓟州区人民政府关于印发天津市蓟州区国民经济和社会发展第十五个五年规划纲要的通知_区政府_政务公开,京津,,………………… .……1 5 3. 促进制造业产业链协作 ………………………………………………………… . ……1 5 第二节 全力打造服务保障基地 16 4. 打造京津冀供 应链服务保障基地 ………………………………………………… . …1 6 5. 打造 京津冀绿色食品供应基地 ………………………………………………… . ……1 7 6. 打造京津冀休闲 度假基地 ………………………………………… ........ ………… . …1 7 第三节 全面加强 “ 硬联通 ” 和 “ 软联通 ” 18 7. 加快推动交,https://www.tjjz.gov.cn/zwgk/zcwj/qjwj/qzf2/202605/t20260518_7300761.html
2019,天津市蓟州区人民政府关于印发天津市蓟州区国民经济和社会发展第十五个五年规划纲要的通知_区政府_政务公开,京津,,……………… . ……1 5 第二节 全力打造服务保障基地 16 4. 打造京津冀供 应链服务保障基地 ………………………………………………… . …1 6 5. 打造 京津冀绿色食品供应基地 ………………………………………………… . ……1 7 6. 打造京津冀休闲 度假基地 ………………………………………… ........ ………… . …1 7 第三节 全面加强 “ 硬联通 ” 和 “ 软联通 ” 18 7. 加快推动交通协同发展 ………………………………………………………… . …… 18 8. 推进区域合,https://www.tjjz.gov.cn/zwgk/zcwj/qjwj/qzf2/202605/t20260518_7300761.html
2019,天津市蓟州区人民政府关于印发天津市蓟州区国民经济和社会发展第十五个五年规划纲要的通知_区政府_政务公开,京津,,治、共享的社会治理格局加快形成。突发公共事件应急、自然灾害防御水平明显提升，重点领域风险有效防范化解，首都政治、安全 “ 护城河 ” 更加巩固。 在全面实现 “ 十五五 ” 奋斗目标的基础上，到二〇三五年基本建成生态优先绿色发展典范城市，非首都功能特色承接地、京津城市服务保障基地、著名的休闲度假目的地、宜居的山水文化名城功能定位更加明显，实现更高质量、更有效率、更加公平、更可持续、更为安全的发展，共同富裕的物质基础更加坚实，人民生活更加幸福美好，基本实现中国式现代化。 专栏 1 “ 十五五”时期经济社会发展主要指标 维,https://www.tjjz.gov.cn/zwgk/zcwj/qjwj/qzf2/202605/t20260518_7300761.html
2019,天津市蓟州区人民政府关于印发天津市蓟州区国民经济和社会发展第十五个五年规划纲要的通知_区政府_政务公开,京津,,级医院、 金融机构 等项目 ， 推进教育 、 医疗、 金融 等资源合理布局。（ 2 ）提升产城融合水平，积极承接科技 研发、成果转化等 资源，打造科技 创新 特色承接区。 （四） “ 大盘山 ” 山前片区。 （ 1 ）依托春山里生态教育国际生活示范区建设，引进京津 文化、研学、教育等 资源， 加快 京津人流、物流、资金流 汇集 。（ 2 ） 盘活 盘龙谷文化产业园、盘山 体育公园 等闲置 资源 ，打造文化旅游产业特色承接区。 （ 3 ） 实施天津传媒学院扩建工程，完善学院周边配套服务，深化校地合作，助力文旅产业发展。 ,https://www.tjjz.gov.cn/zwgk/zcwj/qjwj/qzf2/202605/t20260518_7300761.html
2019,天津市蓟州区人民政府关于印发天津市蓟州区国民经济和社会发展第十五个五年规划纲要的通知_区政府_政务公开,京津,, 、 医疗、 金融 等资源合理布局。（ 2 ）提升产城融合水平，积极承接科技 研发、成果转化等 资源，打造科技 创新 特色承接区。 （四） “ 大盘山 ” 山前片区。 （ 1 ）依托春山里生态教育国际生活示范区建设，引进京津 文化、研学、教育等 资源， 加快 京津人流、物流、资金流 汇集 。（ 2 ） 盘活 盘龙谷文化产业园、盘山 体育公园 等闲置 资源 ，打造文化旅游产业特色承接区。 （ 3 ） 实施天津传媒学院扩建工程，完善学院周边配套服务，深化校地合作，助力文旅产业发展。 专栏 2 “ 一主、一专、双片区 ” 重,https://www.tjjz.gov.cn/zwgk/zcwj/qjwj/qzf2/202605/t20260518_7300761.html
2019,天津市蓟州区人民政府关于印发天津市蓟州区国民经济和社会发展第十五个五年规划纲要的通知_区政府_政务公开,京津,, ） 盘活 盘龙谷文化产业园、盘山 体育公园 等闲置 资源 ，打造文化旅游产业特色承接区。 （ 3 ） 实施天津传媒学院扩建工程，完善学院周边配套服务，深化校地合作，助力文旅产业发展。 专栏 2 “ 一主、一专、双片区 ” 重点建设任务 2 ． 主动融入 “ 京津研发、区域转化 ” 格局。 围绕新材料研发转化、农技试验应用、生态环保概念验证等重点领域，紧密对接国家部委、科研院所、央企国企等创新资源，全力争取京津冀战略科技力量在蓟布局。紧盯京津冀三省市 “ 六链五群 ” 技术创新进程，密切对接京津技术转移服务机构，积极承,https://www.tjjz.gov.cn/zwgk/zcwj/qjwj/qzf2/202605/t20260518_7300761.html
2019,天津市蓟州区人民政府关于印发天津市蓟州区国民经济和社会发展第十五个五年规划纲要的通知_区政府_政务公开,京津,,，深化校地合作，助力文旅产业发展。 专栏 2 “ 一主、一专、双片区 ” 重点建设任务 2 ． 主动融入 “ 京津研发、区域转化 ” 格局。 围绕新材料研发转化、农技试验应用、生态环保概念验证等重点领域，紧密对接国家部委、科研院所、央企国企等创新资源，全力争取京津冀战略科技力量在蓟布局。紧盯京津冀三省市 “ 六链五群 ” 技术创新进程，密切对接京津技术转移服务机构，积极承接一批中试、转化项目。聚焦产业驱动升级、智慧城市建设、技防监测等领域，鼓励支持企业创新场景应用需求，吸引新技术孵化、转化集聚，以 “ 场景创新 ” 促,https://www.tjjz.gov.cn/zwgk/zcwj/qjwj/qzf2/202605/t20260518_7300761.html
2019,天津市蓟州区人民政府关于印发天津市蓟州区国民经济和社会发展第十五个五年规划纲要的通知_区政府_政务公开,京津,,对接北京十大生鲜配送企业，加强策划营销，开设 “ 蓟州农品 ” 特供专栏，促成会员制生鲜专供品牌合作。 （三）走 “ 直销 ” 路线。 依托绿食集团，搭建农产品流通企业与新型农业经营主体对接平台，推进 “ 蓟州农品 ” 嵌入北京社区 ， 促进优质农产品 进驻 京津连锁商超和各类零售终端。 （四）走 “ 线上 ” 路线。 整合农品电商经营主体，扩大农产品线上销售规模。 培育 一批 “ 掌上农场 ” 试点项目 。 6 ． 打造京津冀休闲度假基地。 紧盯 京津 特大 市场 ，打好 “ 官媒推介、流量 营销、活动引流 ” 组合,https://www.tjjz.gov.cn/zwgk/zcwj/qjwj/qzf2/202605/t20260518_7300761.html
2019,天津市蓟州区人民政府关于印发天津市蓟州区国民经济和社会发展第十五个五年规划纲要的通知_区政府_政务公开,京津,,业与新型农业经营主体对接平台，推进 “ 蓟州农品 ” 嵌入北京社区 ， 促进优质农产品 进驻 京津连锁商超和各类零售终端。 （四）走 “ 线上 ” 路线。 整合农品电商经营主体，扩大农产品线上销售规模。 培育 一批 “ 掌上农场 ” 试点项目 。 6 ． 打造京津冀休闲度假基地。 紧盯 京津 特大 市场 ，打好 “ 官媒推介、流量 营销、活动引流 ” 组合拳，强化 “ 蓟州印象 ” ，提升蓟州旅游品牌知名度和影响力。紧盯北京旅游市场需求侧，推出一批具有较强吸引力的潮流产品和四季活动，全面增强旅游产品吸引力。 发挥 “ ,https://www.tjjz.gov.cn/zwgk/zcwj/qjwj/qzf2/202605/t20260518_7300761.html
2019,天津市蓟州区人民政府关于印发天津市蓟州区国民经济和社会发展第十五个五年规划纲要的通知_区政府_政务公开,京津,,，推进 “ 蓟州农品 ” 嵌入北京社区 ， 促进优质农产品 进驻 京津连锁商超和各类零售终端。 （四）走 “ 线上 ” 路线。 整合农品电商经营主体，扩大农产品线上销售规模。 培育 一批 “ 掌上农场 ” 试点项目 。 6 ． 打造京津冀休闲度假基地。 紧盯 京津 特大 市场 ，打好 “ 官媒推介、流量 营销、活动引流 ” 组合拳，强化 “ 蓟州印象 ” ，提升蓟州旅游品牌知名度和影响力。紧盯北京旅游市场需求侧，推出一批具有较强吸引力的潮流产品和四季活动，全面增强旅游产品吸引力。 发挥 “ 津旅时光号 ” 文旅专列 作,https://www.tjjz.gov.cn/zwgk/zcwj/qjwj/qzf2/202605/t20260518_7300761.html
2019,天津市蓟州区人民政府关于印发天津市蓟州区国民经济和社会发展第十五个五年规划纲要的通知_区政府_政务公开,京津,,一体化营销，丰富联票内容，打造联合引流路线，促进共建共享共赢。全方位提升旅游品质、旅游环境、旅游设施、旅游服务，增强游客体验感和满意度，让游客留念蓟州。 第三节 全面加强 “ 硬联通 ” 和 “ 软联通 ” 7 ． 加快推动交通协同发展。 以构建 “ 轨道上的京津冀 ” 、完善区域公路网络、探索新型交通模式为重点，全面推动交通基础设施互联互通，提升区域交通一体化水平。积极对接三省市相关部门和区域，服务保障津蓟铁路复线电气化改造工程，积极推动北京轨道交通平谷线东延至蓟州市域（郊）铁路、津承城际铁路 宝坻 — 蓟州段等重点,https://www.tjjz.gov.cn/zwgk/zcwj/qjwj/qzf2/202605/t20260518_7300761.html
2019,天津市蓟州区人民政府关于印发天津市蓟州区国民经济和社会发展第十五个五年规划纲要的通知_区政府_政务公开,京津,,集约高效的生产空间、宜居宜业的生活空间，提升产城融合发展水平。 马伸桥镇 重点开展水源保护与产业发展平衡试验 ， 做好山水林田利用文章，积极探索东部地区 “ 生态 + 产业 ” 路径，打造绿色发展创新区。 邦均镇依托交通区位优势、物流集散设施基础，重点融入服务京津供应链，不断扩链增链，带动西部南部乡镇协调发展，打造 “ 京津冀商贸物流重要节点 ” 。下营镇依托富集的生态资源、文旅资源，引领北部乡镇内涵式发展，打造 “ 两山 ” 理论 实践示范镇 。别山镇 依托国能、大唐两个电厂和经济开发区， 重点 为能源产业和园区制造,https://www.tjjz.gov.cn/zwgk/zcwj/qjwj/qzf2/202605/t20260518_7300761.html
2019,天津市蓟州区人民政府关于印发天津市蓟州区国民经济和社会发展第十五个五年规划纲要的通知_区政府_政务公开,京津,, 马伸桥镇 重点开展水源保护与产业发展平衡试验 ， 做好山水林田利用文章，积极探索东部地区 “ 生态 + 产业 ” 路径，打造绿色发展创新区。 邦均镇依托交通区位优势、物流集散设施基础，重点融入服务京津供应链，不断扩链增链，带动西部南部乡镇协调发展，打造 “ 京津冀商贸物流重要节点 ” 。下营镇依托富集的生态资源、文旅资源，引领北部乡镇内涵式发展，打造 “ 两山 ” 理论 实践示范镇 。别山镇 依托国能、大唐两个电厂和经济开发区， 重点 为能源产业和园区制造业发展配套服务，打造产业发展特色服务功能区 。 1 5 ． 增,https://www.tjjz.gov.cn/zwgk/zcwj/qjwj/qzf2/202605/t20260518_7300761.html
2019,天津市蓟州区人民政府关于印发天津市蓟州区国民经济和社会发展第十五个五年规划纲要的通知_区政府_政务公开,京津,,家重点文物保护单位。突出皇家文化、佛教文化、红色文化、国潮文化等四大主题，推动盘山实现多元融合、沉浸体验、全域联动的运营效果，加快从传统名胜向文旅综合体转型。 （三）红色文化： 加强红色遗址的保护修缮和展陈提升；培育红色旅游融合发展示范区；推动红色景区景点加入京津冀红色旅游线路；提升青山岭战备电台旧址等红色景区景点设备设施；不断丰富红色旅游线路，大力发展红色研学研游产业，推出 “ 在景区 · 听党课 ” 红色旅游实景课堂。举办 “ 烽火故事 ” 讲解员大赛；开展 “ 红色文创设计大赛 ” ，激发青年共创；利用新媒体平台,https://www.tjjz.gov.cn/zwgk/zcwj/qjwj/qzf2/202605/t20260518_7300761.html
2019,天津市蓟州区人民政府关于印发天津市蓟州区国民经济和社会发展第十五个五年规划纲要的通知_区政府_政务公开,京津,,建设 国际消费中心城市特色节点 。 持续提升系列赛事品牌影响力，积极打造国家高品质户外运动目的地。 树立全国 市 场思维， 聚焦 美食、 萌宠、自驾、 演艺、电竞、会展 等重点领域，打通 文旅商体农 利益联结渠道 ，积极发展首发经济 、 流量 经济， 培育适合京津都市消费需求的新产业、新业态、新模式 ，加速集聚人流、物流、资金流、信息流，强力拉动餐饮、住宿、旅游、零售、关联制造业发展 ，借势出圈，化 “ 流量 ” 为 “ 留量 ” 。 专栏 19 重点培育消费场景 赛事经济。 依托长城国际马拉松等赛事资源和举办经验，强,https://www.tjjz.gov.cn/zwgk/zcwj/qjwj/qzf2/202605/t20260518_7300761.html
2019,天津市蓟州区人民政府关于印发天津市蓟州区国民经济和社会发展第十五个五年规划纲要的通知_区政府_政务公开,京津,,社会发展优先目标，推动经济增长与扩大就业的良性循环。多渠道稳定和扩大就业容量，实施重点领域、重点行业、城乡基层和中小微企业就业支持计划，支持各类主体稳岗扩岗。培育壮大新经济、新业态灵活就业，拓展数字经济、文旅、康养、家政领域就业新空间。深化协同就业，常态化组织京津冀地区劳务对接输出。健全创业培训、创业服务、创业孵化、创业活动支持体系，落实创业促进就业政策环境。健全劳动关系协调机制，营造和谐稳定就业环境。 7 2 ． 强化重点群体就业支持。 深入实施高校毕业生就业创业促进计划，完善离校未就业毕业生、长期失业青年实名帮扶机,https://www.tjjz.gov.cn/zwgk/zcwj/qjwj/qzf2/202605/t20260518_7300761.html
2019,天津市蓟州区人民政府关于印发天津市蓟州区国民经济和社会发展第十五个五年规划纲要的通知_区政府_政务公开,京津冀,,…………………… . ……1 3 2. 主动融入 “京津研发、区域转化”格局 ……………………………………… .……1 5 3. 促进制造业产业链协作 ………………………………………………………… . ……1 5 第二节 全力打造服务保障基地 16 4. 打造京津冀供 应链服务保障基地 ………………………………………………… . …1 6 5. 打造 京津冀绿色食品供应基地 ………………………………………………… . ……1 7 6. 打造京津冀休闲 度假基地 ………………………………………… ........ …………,https://www.tjjz.gov.cn/zwgk/zcwj/qjwj/qzf2/202605/t20260518_7300761.html
2019,天津市蓟州区人民政府关于印发天津市蓟州区国民经济和社会发展第十五个五年规划纲要的通知_区政府_政务公开,京津冀,,………………… .……1 5 3. 促进制造业产业链协作 ………………………………………………………… . ……1 5 第二节 全力打造服务保障基地 16 4. 打造京津冀供 应链服务保障基地 ………………………………………………… . …1 6 5. 打造 京津冀绿色食品供应基地 ………………………………………………… . ……1 7 6. 打造京津冀休闲 度假基地 ………………………………………… ........ ………… . …1 7 第三节 全面加强 “ 硬联通 ” 和 “ 软联通 ” 18 7. 加快推动交通,https://www.tjjz.gov.cn/zwgk/zcwj/qjwj/qzf2/202605/t20260518_7300761.html
2019,天津市蓟州区人民政府关于印发天津市蓟州区国民经济和社会发展第十五个五年规划纲要的通知_区政府_政务公开,京津冀,,……………… . ……1 5 第二节 全力打造服务保障基地 16 4. 打造京津冀供 应链服务保障基地 ………………………………………………… . …1 6 5. 打造 京津冀绿色食品供应基地 ………………………………………………… . ……1 7 6. 打造京津冀休闲 度假基地 ………………………………………… ........ ………… . …1 7 第三节 全面加强 “ 硬联通 ” 和 “ 软联通 ” 18 7. 加快推动交通协同发展 ………………………………………………………… . …… 18 8. 推进区域合 ,https://www.tjjz.gov.cn/zwgk/zcwj/qjwj/qzf2/202605/t20260518_7300761.html
2019,天津市蓟州区人民政府关于印发天津市蓟州区国民经济和社会发展第十五个五年规划纲要的通知_区政府_政务公开,京津冀,,，深化校地合作，助力文旅产业发展。 专栏 2 “ 一主、一专、双片区 ” 重点建设任务 2 ． 主动融入 “ 京津研发、区域转化 ” 格局。 围绕新材料研发转化、农技试验应用、生态环保概念验证等重点领域，紧密对接国家部委、科研院所、央企国企等创新资源，全力争取京津冀战略科技力量在蓟布局。紧盯京津冀三省市 “ 六链五群 ” 技术创新进程，密切对接京津技术转移服务机构，积极承接一批中试、转化项目。聚焦产业驱动升级、智慧城市建设、技防监测等领域，鼓励支持企业创新场景应用需求，吸引新技术孵化、转化集聚，以 “ 场景创新 ” 促进,https://www.tjjz.gov.cn/zwgk/zcwj/qjwj/qzf2/202605/t20260518_7300761.html
2019,天津市蓟州区人民政府关于印发天津市蓟州区国民经济和社会发展第十五个五年规划纲要的通知_区政府_政务公开,京津冀,,业与新型农业经营主体对接平台，推进 “ 蓟州农品 ” 嵌入北京社区 ， 促进优质农产品 进驻 京津连锁商超和各类零售终端。 （四）走 “ 线上 ” 路线。 整合农品电商经营主体，扩大农产品线上销售规模。 培育 一批 “ 掌上农场 ” 试点项目 。 6 ． 打造京津冀休闲度假基地。 紧盯 京津 特大 市场 ，打好 “ 官媒推介、流量 营销、活动引流 ” 组合拳，强化 “ 蓟州印象 ” ，提升蓟州旅游品牌知名度和影响力。紧盯北京旅游市场需求侧，推出一批具有较强吸引力的潮流产品和四季活动，全面增强旅游产品吸引力。 发挥 “ 津,https://www.tjjz.gov.cn/zwgk/zcwj/qjwj/qzf2/202605/t20260518_7300761.html
2019,天津市蓟州区人民政府关于印发天津市蓟州区国民经济和社会发展第十五个五年规划纲要的通知_区政府_政务公开,京津冀,,一体化营销，丰富联票内容，打造联合引流路线，促进共建共享共赢。全方位提升旅游品质、旅游环境、旅游设施、旅游服务，增强游客体验感和满意度，让游客留念蓟州。 第三节 全面加强 “ 硬联通 ” 和 “ 软联通 ” 7 ． 加快推动交通协同发展。 以构建 “ 轨道上的京津冀 ” 、完善区域公路网络、探索新型交通模式为重点，全面推动交通基础设施互联互通，提升区域交通一体化水平。积极对接三省市相关部门和区域，服务保障津蓟铁路复线电气化改造工程，积极推动北京轨道交通平谷线东延至蓟州市域（郊）铁路、津承城际铁路 宝坻 — 蓟州段等重点工,https://www.tjjz.gov.cn/zwgk/zcwj/qjwj/qzf2/202605/t20260518_7300761.html
2019,天津市蓟州区人民政府关于印发天津市蓟州区国民经济和社会发展第十五个五年规划纲要的通知_区政府_政务公开,京津冀,, 马伸桥镇 重点开展水源保护与产业发展平衡试验 ， 做好山水林田利用文章，积极探索东部地区 “ 生态 + 产业 ” 路径，打造绿色发展创新区。 邦均镇依托交通区位优势、物流集散设施基础，重点融入服务京津供应链，不断扩链增链，带动西部南部乡镇协调发展，打造 “ 京津冀商贸物流重要节点 ” 。下营镇依托富集的生态资源、文旅资源，引领北部乡镇内涵式发展，打造 “ 两山 ” 理论 实践示范镇 。别山镇 依托国能、大唐两个电厂和经济开发区， 重点 为能源产业和园区制造业发展配套服务，打造产业发展特色服务功能区 。 1 5 ． 增强,https://www.tjjz.gov.cn/zwgk/zcwj/qjwj/qzf2/202605/t20260518_7300761.html
2019,天津市蓟州区人民政府关于印发天津市蓟州区国民经济和社会发展第十五个五年规划纲要的通知_区政府_政务公开,京津冀,,家重点文物保护单位。突出皇家文化、佛教文化、红色文化、国潮文化等四大主题，推动盘山实现多元融合、沉浸体验、全域联动的运营效果，加快从传统名胜向文旅综合体转型。 （三）红色文化： 加强红色遗址的保护修缮和展陈提升；培育红色旅游融合发展示范区；推动红色景区景点加入京津冀红色旅游线路；提升青山岭战备电台旧址等红色景区景点设备设施；不断丰富红色旅游线路，大力发展红色研学研游产业，推出 “ 在景区 · 听党课 ” 红色旅游实景课堂。举办 “ 烽火故事 ” 讲解员大赛；开展 “ 红色文创设计大赛 ” ，激发青年共创；利用新媒体平台引,https://www.tjjz.gov.cn/zwgk/zcwj/qjwj/qzf2/202605/t20260518_7300761.html
2019,天津市蓟州区人民政府关于印发天津市蓟州区国民经济和社会发展第十五个五年规划纲要的通知_区政府_政务公开,京津冀,,社会发展优先目标，推动经济增长与扩大就业的良性循环。多渠道稳定和扩大就业容量，实施重点领域、重点行业、城乡基层和中小微企业就业支持计划，支持各类主体稳岗扩岗。培育壮大新经济、新业态灵活就业，拓展数字经济、文旅、康养、家政领域就业新空间。深化协同就业，常态化组织京津冀地区劳务对接输出。健全创业培训、创业服务、创业孵化、创业活动支持体系，落实创业促进就业政策环境。健全劳动关系协调机制，营造和谐稳定就业环境。 7 2 ． 强化重点群体就业支持。 深入实施高校毕业生就业创业促进计划，完善离校未就业毕业生、长期失业青年实名帮扶机制,https://www.tjjz.gov.cn/zwgk/zcwj/qjwj/qzf2/202605/t20260518_7300761.html
2019,天津市蓟州区人民政府关于印发天津市蓟州区国民经济和社会发展第十五个五年规划纲要的通知_区政府_政务公开,游客,"10%,45%,36.7%", 5 7 个，落地投资额 160.4 亿元。 “ 蓟州农品 ” 成为全国知名区域农业品牌，在京销售额年均递增 10% 以上。 人流、物流、资金流加快集聚， 年均举办特色活动百余场，央视、新华社等主流媒体宣传推介蓟州上千次，蓟州知名度、吸引力大幅提升 。五年接待游客 1.05 亿人次，实现综合收入 792.5 亿元 ， 较 “ 十三五 ” 时期增长 45% ，人均文旅消费较 “ 十三五 ” 末提高 36.7% 。区域合作平台建设取得新进展， “ 平蓟三兴 ” 一体化发展不断深入，与 北京通州区、河北唐山市 、廊坊 “ 北,https://www.tjjz.gov.cn/zwgk/zcwj/qjwj/qzf2/202605/t20260518_7300761.html
2019,天津市蓟州区人民政府关于印发天津市蓟州区国民经济和社会发展第十五个五年规划纲要的通知_区政府_政务公开,游客,,好 “ 官媒推介、流量 营销、活动引流 ” 组合拳，强化 “ 蓟州印象 ” ，提升蓟州旅游品牌知名度和影响力。紧盯北京旅游市场需求侧，推出一批具有较强吸引力的潮流产品和四季活动，全面增强旅游产品吸引力。 发挥 “ 津旅时光号 ” 文旅专列 作用 ，提升蓟州北站游客接驳功能，争取开通北京直达蓟州的文旅专列，联动发展 “ 票根 ” 经济。依托京东文旅圈建设，强化与北京旅游资源一体化营销，丰富联票内容，打造联合引流路线，促进共建共享共赢。全方位提升旅游品质、旅游环境、旅游设施、旅游服务，增强游客体验感和满意度，让游客留念蓟州,https://www.tjjz.gov.cn/zwgk/zcwj/qjwj/qzf2/202605/t20260518_7300761.html
2019,天津市蓟州区人民政府关于印发天津市蓟州区国民经济和社会发展第十五个五年规划纲要的通知_区政府_政务公开,游客,,文旅专列 作用 ，提升蓟州北站游客接驳功能，争取开通北京直达蓟州的文旅专列，联动发展 “ 票根 ” 经济。依托京东文旅圈建设，强化与北京旅游资源一体化营销，丰富联票内容，打造联合引流路线，促进共建共享共赢。全方位提升旅游品质、旅游环境、旅游设施、旅游服务，增强游客体验感和满意度，让游客留念蓟州。 第三节 全面加强 “ 硬联通 ” 和 “ 软联通 ” 7 ． 加快推动交通协同发展。 以构建 “ 轨道上的京津冀 ” 、完善区域公路网络、探索新型交通模式为重点，全面推动交通基础设施互联互通，提升区域交通一体化水平。积极对接三,https://www.tjjz.gov.cn/zwgk/zcwj/qjwj/qzf2/202605/t20260518_7300761.html
2019,天津市蓟州区人民政府关于印发天津市蓟州区国民经济和社会发展第十五个五年规划纲要的通知_区政府_政务公开,游客,,蓟州北站游客接驳功能，争取开通北京直达蓟州的文旅专列，联动发展 “ 票根 ” 经济。依托京东文旅圈建设，强化与北京旅游资源一体化营销，丰富联票内容，打造联合引流路线，促进共建共享共赢。全方位提升旅游品质、旅游环境、旅游设施、旅游服务，增强游客体验感和满意度，让游客留念蓟州。 第三节 全面加强 “ 硬联通 ” 和 “ 软联通 ” 7 ． 加快推动交通协同发展。 以构建 “ 轨道上的京津冀 ” 、完善区域公路网络、探索新型交通模式为重点，全面推动交通基础设施互联互通，提升区域交通一体化水平。积极对接三省市相关部门和区域，服,https://www.tjjz.gov.cn/zwgk/zcwj/qjwj/qzf2/202605/t20260518_7300761.html
2019,天津市蓟州区人民政府关于印发天津市蓟州区国民经济和社会发展第十五个五年规划纲要的通知_区政府_政务公开,游客,, ）恢复文 “ 形 ” 。 完善古城基础设施建设， 提升渔阳鼓楼、独乐寺历史文化街区，有序实施长城路沿线更新。同步制定出台 古城商业装修风貌指引，以 “ 绣花功夫 ” 引导文昌街、渔阳南路沿线商铺及胡同房屋恢复历史建筑风貌。依托古城生态停车 场 建设，打造古城游客服务和接驳中心。 （ 3 ）注入文 “ 魂 ” 。 串联整合 “ 独乐寺、白塔寺、文庙、鲁班庙 ” 文旅动线，讲好文化故事。打造特色文化主题 IP ，设计推出一批文化互动潮流活动，增强古城文化吸引力。 （ 4 ）回归文 “ 本 ” 。持续推动文化价值向经济价值,https://www.tjjz.gov.cn/zwgk/zcwj/qjwj/qzf2/202605/t20260518_7300761.html
2019,天津市蓟州区人民政府关于印发天津市蓟州区国民经济和社会发展第十五个五年规划纲要的通知_区政府_政务公开,游客,,游 ” 向 “ 休闲度假游 ” 转型 ，积极引进文旅综合体项目 ， 完善 高品质度假设施 ， 加快 培育 长城下营国家级休闲度假区 。 强化全域旅游资源串联整合， 推出 “ 当日 打卡 游 ”“ 周末 休闲 游 ”“ 长假深度游 ” 三大系列文旅线路 ， 满足游客多元化需求。 专栏 18 重点引育文旅业态 （一）冰雪旅游。 （ 1 ）加强景区景点改造升级引导，支持运营主体科学布局夏冬业态便捷转化空间和设施建设，做强冰雪经济载体。（ 2 ）开发 “ 冰雪 + 体育 ” 新业态， 利用蓟州冰雪资源优势，推动举办国内具有影响,https://www.tjjz.gov.cn/zwgk/zcwj/qjwj/qzf2/202605/t20260518_7300761.html
2019,天津市蓟州区人民政府关于印发天津市蓟州区国民经济和社会发展第十五个五年规划纲要的通知_区政府_政务公开,游客,,）研学研游。 整合地质科普、古建营技、长城历史、农耕文化、红色教育等资源，高水平组织开展 “ 百万学生研学在蓟州 ” 活动，打造 “ 蓟州研学 ” 品牌。 （五）亲子娱乐。 依托吉姆冒险 世界 、考拉冒险王国等众多载体，加强亲子游乐设施和互动项目迭代升级，保持游客新鲜感。 （六） 康养旅游 。 依托康养资源优势，加快引育康养旅居产品，打造康养旅居目的地。 择 选基础较好的村落，适度进行适老化改造，积极发展康养旅游村。 55 ． 建设 国际消费中心城市特色节点 。 持续提升系列赛事品牌影响力，积极打造国家高品质户外运动目,https://www.tjjz.gov.cn/zwgk/zcwj/qjwj/qzf2/202605/t20260518_7300761.html
2019,天津市蓟州区人民政府关于印发天津市蓟州区国民经济和社会发展第十五个五年规划纲要的通知_区政府_政务公开,游客,,资源，积极对接央媒市媒，策划举办美食栏目；借助抖音、小红书等新媒体平台，积极开展美食打卡地、美食种草等营销推广活动。 （三）宠物经济。 用好萌宠乐园等资源，打造宠物互动、训练、展览、比赛等产业链。布局一批宠物友好型景区、民宿、酒店，完善宠物服务设施，吸引携宠旅游客群。 （ 四 ） 车轮经济。 依托山野运动资源优势，植入汽车、摩托车文化 IP ，引育集赛车体验、专业服务、文化旅游于一体的车文化文旅综合体。包装设计一批精品自驾旅游线路，规划布局露营基地、特色餐饮、 “ 后备箱 ” 集市、综合服务区等配套业态，打造 “ 交通,https://www.tjjz.gov.cn/zwgk/zcwj/qjwj/qzf2/202605/t20260518_7300761.html
2019,天津市蓟州区人民政府关于印发天津市蓟州区国民经济和社会发展第十五个五年规划纲要的通知_区政府_政务公开,游客,,线、马营路、津围北二线为主体，加快风景道体系建设，提升八仙山、九龙山等山岳型 景观 ，打造览山生态观光廊。（ 2 ）串联邦喜二线、水库东路、水库南路， 整治 提升 线路品质 和沿线村庄 立面 环境，构筑特色鲜明的沿路景观和建筑风貌，科学布设观景平台和步道，引导游客深入东部片区。 （二）环境美化绿化。 实施景区景点、旅游乡村环境绿化美化工程，大力消除裸露地块，打造标志性景观，完善布局游客咨询点、休憩广场等服务设施。 （三）营造夜间光景。 积极引入专业设计团队，系统升级古城、盘山、长城等 游客消费集聚区 的灯光夜景，做强夜,https://www.tjjz.gov.cn/zwgk/zcwj/qjwj/qzf2/202605/t20260518_7300761.html
2019,天津市蓟州区人民政府关于印发天津市蓟州区国民经济和社会发展第十五个五年规划纲要的通知_区政府_政务公开,游客,,二线、水库东路、水库南路， 整治 提升 线路品质 和沿线村庄 立面 环境，构筑特色鲜明的沿路景观和建筑风貌，科学布设观景平台和步道，引导游客深入东部片区。 （二）环境美化绿化。 实施景区景点、旅游乡村环境绿化美化工程，大力消除裸露地块，打造标志性景观，完善布局游客咨询点、休憩广场等服务设施。 （三）营造夜间光景。 积极引入专业设计团队，系统升级古城、盘山、长城等 游客消费集聚区 的灯光夜景，做强夜间经济支撑。 （四）完善旅游公共服务设施。 （ 1 ）积极发展智慧旅游服务，推动智能感知讲解、全息投影等智慧场景应用。积极培,https://www.tjjz.gov.cn/zwgk/zcwj/qjwj/qzf2/202605/t20260518_7300761.html
2019,天津市蓟州区人民政府关于印发天津市蓟州区国民经济和社会发展第十五个五年规划纲要的通知_区政府_政务公开,游客,,，科学布设观景平台和步道，引导游客深入东部片区。 （二）环境美化绿化。 实施景区景点、旅游乡村环境绿化美化工程，大力消除裸露地块，打造标志性景观，完善布局游客咨询点、休憩广场等服务设施。 （三）营造夜间光景。 积极引入专业设计团队，系统升级古城、盘山、长城等 游客消费集聚区 的灯光夜景，做强夜间经济支撑。 （四）完善旅游公共服务设施。 （ 1 ）积极发展智慧旅游服务，推动智能感知讲解、全息投影等智慧场景应用。积极培育在线旅游企业，推动传统旅游企业上网上云，利用 VR 、 AR 技术发展 “ 虚拟现实 ” 旅游。（ 2 ,https://www.tjjz.gov.cn/zwgk/zcwj/qjwj/qzf2/202605/t20260518_7300761.html
2019,天津市蓟州区人民政府关于印发天津市蓟州区国民经济和社会发展第十五个五年规划纲要的通知_区政府_政务公开,游客,,1 ）积极发展智慧旅游服务，推动智能感知讲解、全息投影等智慧场景应用。积极培育在线旅游企业，推动传统旅游企业上网上云，利用 VR 、 AR 技术发展 “ 虚拟现实 ” 旅游。（ 2 ）强化旅游区域立体空间利用，完善停车场等服务设施建设，鼓励支持旅游乡镇建设镇域游客集散中心。（ 3 ）支持租车服务发展，推动租车服务与 “ 门户 ” 交通站点的有效衔接。（ 4 ）科学布局公园市集，增强青年游客购物体验。 （五） 做好入境旅游便利化服务。 用好过境免签政策，从支付便利化、多语种服务等方面 ， 全面加强精细化、文明化服务，培育,https://www.tjjz.gov.cn/zwgk/zcwj/qjwj/qzf2/202605/t20260518_7300761.html
2019,天津市蓟州区人民政府关于印发天津市蓟州区国民经济和社会发展第十五个五年规划纲要的通知_区政府_政务公开,游客,, 、 AR 技术发展 “ 虚拟现实 ” 旅游。（ 2 ）强化旅游区域立体空间利用，完善停车场等服务设施建设，鼓励支持旅游乡镇建设镇域游客集散中心。（ 3 ）支持租车服务发展，推动租车服务与 “ 门户 ” 交通站点的有效衔接。（ 4 ）科学布局公园市集，增强青年游客购物体验。 （五） 做好入境旅游便利化服务。 用好过境免签政策，从支付便利化、多语种服务等方面 ， 全面加强精细化、文明化服务，培育入境 旅 游市场。 第八章 进一步全面深化改革，有效激发 内生动力活力 坚持以经济体制改革为牵引，统筹有为政府和有效市场建设，增,https://www.tjjz.gov.cn/zwgk/zcwj/qjwj/qzf2/202605/t20260518_7300761.html
2019,天津市蓟州区人民政府关于印发天津市蓟州区国民经济和社会发展第十五个五年规划纲要的通知_区政府_政务公开,旅游市场,,产业和旅游产业融合发展示范区 .. 54 5 4 . 持续打造文旅 产业 “ 一号 ” 亮点 …………………………………………………… .5 4 5 5 . 建设 国际消费中心城市特色节点 …………………………………………… . ……… 56 5 6 . 促进旅游市场健康发展 …… ........ …………………………………………… . ……… 57 5 7 . 优化全域旅游环境 ……………………………………………………………… . …… 57 第八章 进一步全面深化改革，有效激发内生动力活力 5 9 第一节 创建与扩大,https://www.tjjz.gov.cn/zwgk/zcwj/qjwj/qzf2/202605/t20260518_7300761.html
2019,天津市蓟州区人民政府关于印发天津市蓟州区国民经济和社会发展第十五个五年规划纲要的通知_区政府_政务公开,旅游市场,,经营主体，扩大农产品线上销售规模。 培育 一批 “ 掌上农场 ” 试点项目 。 6 ． 打造京津冀休闲度假基地。 紧盯 京津 特大 市场 ，打好 “ 官媒推介、流量 营销、活动引流 ” 组合拳，强化 “ 蓟州印象 ” ，提升蓟州旅游品牌知名度和影响力。紧盯北京旅游市场需求侧，推出一批具有较强吸引力的潮流产品和四季活动，全面增强旅游产品吸引力。 发挥 “ 津旅时光号 ” 文旅专列 作用 ，提升蓟州北站游客接驳功能，争取开通北京直达蓟州的文旅专列，联动发展 “ 票根 ” 经济。依托京东文旅圈建设，强化与北京旅游资源一体化营销，,https://www.tjjz.gov.cn/zwgk/zcwj/qjwj/qzf2/202605/t20260518_7300761.html
2019,天津市蓟州区人民政府关于印发天津市蓟州区国民经济和社会发展第十五个五年规划纲要的通知_区政府_政务公开,旅游市场,,夜游蓟州 ” 演艺品牌。 （ 六 ）电竞经济。 （ 1 ） 运用 O2O 模式， 加强与知名游戏公司合作 ， 谋划 建设集游戏体验、电竞比赛、科普教育于一体的多功能电竞 中心 。（ 2 ） 鼓励 支持电竞主题酒店、电竞主题餐厅等衍生业态发展。 5 6 ． 促进旅游市场健康发展 。 实施文旅管理体制机制创新 ， 建立旅游市场综合监管联席会议制度。 严控乡村旅游资源 “ 粗放式 ” 开发，坚持 “ 无规划不开发、无优质资本运作不开发 ” ，有序推进乡村旅游资源整建制开发、公司化运营、规范化纳统，提升乡村旅游核心竞争力。加强旅游,https://www.tjjz.gov.cn/zwgk/zcwj/qjwj/qzf2/202605/t20260518_7300761.html
2019,天津市蓟州区人民政府关于印发天津市蓟州区国民经济和社会发展第十五个五年规划纲要的通知_区政府_政务公开,旅游市场,,） 运用 O2O 模式， 加强与知名游戏公司合作 ， 谋划 建设集游戏体验、电竞比赛、科普教育于一体的多功能电竞 中心 。（ 2 ） 鼓励 支持电竞主题酒店、电竞主题餐厅等衍生业态发展。 5 6 ． 促进旅游市场健康发展 。 实施文旅管理体制机制创新 ， 建立旅游市场综合监管联席会议制度。 严控乡村旅游资源 “ 粗放式 ” 开发，坚持 “ 无规划不开发、无优质资本运作不开发 ” ，有序推进乡村旅游资源整建制开发、公司化运营、规范化纳统，提升乡村旅游核心竞争力。加强旅游行业 “ 内卷 ” 竞争治理，探索建立政府引导、协会自治,https://www.tjjz.gov.cn/zwgk/zcwj/qjwj/qzf2/202605/t20260518_7300761.html
2019,天津市蓟州区人民政府关于印发天津市蓟州区国民经济和社会发展第十五个五年规划纲要的通知_区政府_政务公开,旅游市场,, “ 无规划不开发、无优质资本运作不开发 ” ，有序推进乡村旅游资源整建制开发、公司化运营、规范化纳统，提升乡村旅游核心竞争力。加强旅游行业 “ 内卷 ” 竞争治理，探索建立政府引导、协会自治、标准统一、分级管理、市场定价的新型管理机制。深化文旅领域综合治理、旅游市场专项整治，营造良好旅游市场秩序和消费环境。 5 7 ． 优化全域旅游环境。 以骨干路网、核心景区、重点村落为抓手，实施全域旅游环境提升工程， 系统推进乡村整洁化、城区秩序化、景区品质化。加快完善旅游基础设施、旅游公共服务体系，推动由 “ 政府主导、市场参与 ”,https://www.tjjz.gov.cn/zwgk/zcwj/qjwj/qzf2/202605/t20260518_7300761.html
2019,天津市蓟州区人民政府关于印发天津市蓟州区国民经济和社会发展第十五个五年规划纲要的通知_区政府_政务公开,旅游市场,,资本运作不开发 ” ，有序推进乡村旅游资源整建制开发、公司化运营、规范化纳统，提升乡村旅游核心竞争力。加强旅游行业 “ 内卷 ” 竞争治理，探索建立政府引导、协会自治、标准统一、分级管理、市场定价的新型管理机制。深化文旅领域综合治理、旅游市场专项整治，营造良好旅游市场秩序和消费环境。 5 7 ． 优化全域旅游环境。 以骨干路网、核心景区、重点村落为抓手，实施全域旅游环境提升工程， 系统推进乡村整洁化、城区秩序化、景区品质化。加快完善旅游基础设施、旅游公共服务体系，推动由 “ 政府主导、市场参与 ” 向 “ 政府引导、市场主,https://www.tjjz.gov.cn/zwgk/zcwj/qjwj/qzf2/202605/t20260518_7300761.html
2019,天津市蓟州区人民政府办公室关于印发天津市蓟州区防汛抗旱应急预案等3个专项应急预案的通知_政府办公室_政务公开,北京,,响应、城区防汛应急响应、农村除涝应急响应、山区景区防汛应急响应、于桥水库防汛应急响应、青甸洼防汛应急响应，各应急响应行动从高到低分为一级应急响应、二级应急响应、三级应急响应和四级应急响应。 4.1.2 应急响应启动 （ 1 ）防汛、抗旱应急响应根据市防指及上游北京、河北两省市启动的应急响应以及水旱灾害影响范围，经组织会商，针对全区或预计受灾害影响较重的部分乡镇（街道）、开发区启动相应等级的应急响应。区防办负责启动和结束防汛、抗旱四级应急响应，区防指负责启动和结束防汛、抗旱一、二、三级应急响应。应急响应启动后要及时上报市,https://www.tjjz.gov.cn/zwgk/zcwj/qjwj/qjjg/zfbgs2/202606/t20260615_7318404.html
2019,天津市蓟州区人民政府办公室关于印发天津市蓟州区防汛抗旱应急预案等3个专项应急预案的通知_政府办公室_政务公开,天津,,和铁塔公司抢修因灾受损的公共电信基础设施，保障灾区群众基本生活和应急工作需要；完成区抗震救灾指挥部交办的其他任务。 （ 11 ）涉外工作组。组织加强涉外事务管理，按照“属地属人”原则，指导本区各单位、各部门妥善安置在灾区工作、学习和旅游的国（境）外人员，及时向天津市有关单位汇报相关情况；按照天津市有关单位及区委、区政府部署要求，配合综合协调组协调安排 国外 救援队救援行动，分配救援任务，做好相关保障；配合群众生活组加强境外救援物资的接收和管理，按规定做好检验检疫、登记管理等工作；配合新闻舆情组适时组织安排境外新闻媒体进,https://www.tjjz.gov.cn/zwgk/zcwj/qjwj/qjjg/zfbgs2/202606/t20260615_7318404.html
2019,天津市蓟州区人民政府办公室关于印发天津市蓟州区防汛抗旱应急预案等3个专项应急预案的通知_政府办公室_政务公开,天津,,基础设施，保障灾区群众基本生活和应急工作需要；完成区抗震救灾指挥部交办的其他任务。 （ 11 ）涉外工作组。组织加强涉外事务管理，按照“属地属人”原则，指导本区各单位、各部门妥善安置在灾区工作、学习和旅游的国（境）外人员，及时向天津市有关单位汇报相关情况；按照天津市有关单位及区委、区政府部署要求，配合综合协调组协调安排 国外 救援队救援行动，分配救援任务，做好相关保障；配合群众生活组加强境外救援物资的接收和管理，按规定做好检验检疫、登记管理等工作；配合新闻舆情组适时组织安排境外新闻媒体进行采访；完成区抗震救灾指挥部交办,https://www.tjjz.gov.cn/zwgk/zcwj/qjwj/qjjg/zfbgs2/202606/t20260615_7318404.html
2019,天津市蓟州区人民政府办公室关于印发天津市蓟州区防汛抗旱应急预案等3个专项应急预案的通知_政府办公室_政务公开,天津,,域所有乡村民宿、乡村旅游民俗户暂停营业，做好游客安全避险 ● 11 ．做好山区人员应急避险转移准备 ● 12 ．做好山区人员应急避险转移工作，及时启动应急避难场所 ● ● ● 13 ．做好属地学校及时停课工作，疏散、转移、安置学校滞留人员 ● ● ● 附件： 天津市蓟州区人民政府办公室关于印发天津市蓟州区防汛抗旱应急预案等3个专项应急预案的通知.docx | 政策解读 《天津市蓟州区防汛抗旱应急预案》政策解读 图解：《天津市蓟州区防汛抗旱应急预案》 视频：《天津市蓟州区防汛抗旱应急预案》政策解读 《天津市蓟州区地震应急,https://www.tjjz.gov.cn/zwgk/zcwj/qjwj/qjjg/zfbgs2/202606/t20260615_7318404.html
2019,天津市蓟州区人民政府办公室关于印发天津市蓟州区防汛抗旱应急预案等3个专项应急预案的通知_政府办公室_政务公开,天津,,营业，做好游客安全避险 ● 11 ．做好山区人员应急避险转移准备 ● 12 ．做好山区人员应急避险转移工作，及时启动应急避难场所 ● ● ● 13 ．做好属地学校及时停课工作，疏散、转移、安置学校滞留人员 ● ● ● 附件： 天津市蓟州区人民政府办公室关于印发天津市蓟州区防汛抗旱应急预案等3个专项应急预案的通知.docx | 政策解读 《天津市蓟州区防汛抗旱应急预案》政策解读 图解：《天津市蓟州区防汛抗旱应急预案》 视频：《天津市蓟州区防汛抗旱应急预案》政策解读 《天津市蓟州区地震应急预案》政策解读 图解：《天津市蓟州,https://www.tjjz.gov.cn/zwgk/zcwj/qjwj/qjjg/zfbgs2/202606/t20260615_7318404.html
2019,天津市蓟州区人民政府办公室关于印发天津市蓟州区防汛抗旱应急预案等3个专项应急预案的通知_政府办公室_政务公开,河北,,城区防汛应急响应、农村除涝应急响应、山区景区防汛应急响应、于桥水库防汛应急响应、青甸洼防汛应急响应，各应急响应行动从高到低分为一级应急响应、二级应急响应、三级应急响应和四级应急响应。 4.1.2 应急响应启动 （ 1 ）防汛、抗旱应急响应根据市防指及上游北京、河北两省市启动的应急响应以及水旱灾害影响范围，经组织会商，针对全区或预计受灾害影响较重的部分乡镇（街道）、开发区启动相应等级的应急响应。区防办负责启动和结束防汛、抗旱四级应急响应，区防指负责启动和结束防汛、抗旱一、二、三级应急响应。应急响应启动后要及时上报市防指备,https://www.tjjz.gov.cn/zwgk/zcwj/qjwj/qjjg/zfbgs2/202606/t20260615_7318404.html
2019,天津市蓟州区人民政府办公室关于印发天津市蓟州区防汛抗旱应急预案等3个专项应急预案的通知_政府办公室_政务公开,游客,,抢险救灾生活必需品等物资调拨、供应和储备管理；组织做好本系统防汛抗旱自保等工作。 区文化和旅游局：负责对各类旅游设施的防洪安全进行检查监督，牵头对旅游景区景点、农家院防洪进行指导和监督；视预警等级或汛情、雨情适时关闭景区、农家院；协助各属地人民政府做好旅游景区游客的疏散、转移、避险、应急救援等工作；负责组织所属单位做好防汛抗旱自保工作。 区卫生健康委：负责受伤人员的现场医疗救治、转运、院内救治和受灾区域卫生防疫等工作；及时向区防指报告伤员数量及医疗救治情况。 区应急局：按照区委、区政府部署要求，组织一般、较大灾害应急处,https://www.tjjz.gov.cn/zwgk/zcwj/qjwj/qjjg/zfbgs2/202606/t20260615_7318404.html
2019,天津市蓟州区人民政府办公室关于印发天津市蓟州区防汛抗旱应急预案等3个专项应急预案的通知_政府办公室_政务公开,游客,, 指挥（分管文化和旅游、农业农村、水务工作的副区长）驻分管部门或区防办， 协助总指挥掌握全区防汛抗旱总体形势，研判水旱灾害发展趋势，负责组织农田除涝、 防洪工程调度、 防洪工程巡查抢险、蓄滞洪区运用及农业抗旱等工作，组织各乡镇（街道）对受山洪灾害影响人员及在蓟游客进行转移避险或疏散。 区防指副总指挥（分管商务工作的副区长）驻分管部门或区防办，负责组织集中安置点的生活物资供应和后勤保障工作。 区防指副总指挥（区人武部部长）负责协调解放军、武警部队并组织民兵队伍参加防汛抗旱抢险救灾工作，协同公安部门维持防汛抗旱抢险救灾秩序,https://www.tjjz.gov.cn/zwgk/zcwj/qjwj/qjjg/zfbgs2/202606/t20260615_7318404.html
2019,天津市蓟州区人民政府办公室关于印发天津市蓟州区防汛抗旱应急预案等3个专项应急预案的通知_政府办公室_政务公开,游客,,报送城区低洼片区封控情况；区住房建设委负责报送响应期间危险房屋人员转移安置、监管范围内在建工地停工等情况；区水务局负责报送受山洪沟影响人员转移安置情况；市规划资源局蓟州分局负责报送受地质灾害影响人员转移安置情况；区文化和旅游局负责报送景区、农家院关停情况和在蓟游客疏散、转移安置情况；区工业和信息化局牵头协调报送基础电信设施和供电设施运行情况；区发展改革委、区商务局负责报送应急救援物资和生活保障性物资储备情况；区防指其他上岗成员单位负责报送本系统工作开展情况，每日至少向区防办报送 2 次。 相关乡镇（街道）、开发区 管委,https://www.tjjz.gov.cn/zwgk/zcwj/qjwj/qjjg/zfbgs2/202606/t20260615_7318404.html
2019,天津市蓟州区人民政府办公室关于印发天津市蓟州区防汛抗旱应急预案等3个专项应急预案的通知_政府办公室_政务公开,游客,,民政府 做好农田地面塌陷等突发地质灾害的救灾工作及灾后恢复生产。 （ 16 ） 区 商务局：负责突发地质灾害事发区域受灾人员所需方便食品、瓶装水等生活必需品的调拨和供应。 （ 17 ） 区 文化和旅游局：协助事发 乡镇（街道） 将旅游景区内受突发地质灾害威胁的游客以及其他人员疏散、撤离到安全地带，立即停止赴事发区域或途经事发区域的旅游团组。 （ 18 ） 区 卫生健康委：负责组织指导协调受伤人员的现场医疗救治、转运、院内救治和突发地质灾害事发区域卫生防疫等工作；及时向 区 指挥部报告伤员数量及医疗救治情况；指导协调受灾,https://www.tjjz.gov.cn/zwgk/zcwj/qjwj/qjjg/zfbgs2/202606/t20260615_7318404.html
2019,天津市蓟州区人民政府办公室关于印发天津市蓟州区防汛抗旱应急预案等3个专项应急预案的通知_政府办公室_政务公开,游客,,停营业 ● 3 ．关闭所有山区景区 ，所有 乡村民宿、乡村旅游民俗户暂停营业 ● 4 ．暂停预警区域山区户外大型文旅活动，暂停开放山区景区旅游 ● ● 5 . 发布景区关闭 信息 ● ● 6. 发布 安全出行提示信息 ● ● ● 7. 受地质灾害影响的景区开展游客疏散撤离，并做好统计与救援指导、协调工作 ● ● ● 6 交通部门 1 ．合理安排山区交通运力保障，及时停运危险山区公交线路 ● ● 2 ．对重点路段巡查，并配合公安交管部门进行封控 ● 7 教育部门 1 ．通知山区受地质灾害隐患影响的学校做好防范应对工作 ●,https://www.tjjz.gov.cn/zwgk/zcwj/qjwj/qjjg/zfbgs2/202606/t20260615_7318404.html
2019,天津市蓟州区人民政府办公室关于印发天津市蓟州区防汛抗旱应急预案等3个专项应急预案的通知_政府办公室_政务公开,游客,,● ● ● 5 ．落实专人全天候对地质灾害隐患点进行盯防把守 ● ● ● 6 ．派出专人对山洪泥石流沟道等重点部位进行管控封闭 ● ● ● 7 ．做好山洪泥石流沟道、地质灾害隐患点、涉山涉水景区人员管控、疏散、撤离工作 ● ● ● 8 ．加强山区民宿管控，做好游客安全避险提示 ● ● 9 ．加强山区民宿管控，隐患点及风险区山区乡村民宿、乡村旅游民俗户暂停营业 ● 10 ．预警区域所有乡村民宿、乡村旅游民俗户暂停营业，做好游客安全避险 ● 11 ．做好山区人员应急避险转移准备 ● 12 ．做好山区人员应急避险转移工作，及,https://www.tjjz.gov.cn/zwgk/zcwj/qjwj/qjjg/zfbgs2/202606/t20260615_7318404.html
2019,天津市蓟州区人民政府办公室关于印发天津市蓟州区防汛抗旱应急预案等3个专项应急预案的通知_政府办公室_政务公开,游客,,、地质灾害隐患点、涉山涉水景区人员管控、疏散、撤离工作 ● ● ● 8 ．加强山区民宿管控，做好游客安全避险提示 ● ● 9 ．加强山区民宿管控，隐患点及风险区山区乡村民宿、乡村旅游民俗户暂停营业 ● 10 ．预警区域所有乡村民宿、乡村旅游民俗户暂停营业，做好游客安全避险 ● 11 ．做好山区人员应急避险转移准备 ● 12 ．做好山区人员应急避险转移工作，及时启动应急避难场所 ● ● ● 13 ．做好属地学校及时停课工作，疏散、转移、安置学校滞留人员 ● ● ● 附件： 天津市蓟州区人民政府办公室关于印发天津市蓟州区防,https://www.tjjz.gov.cn/zwgk/zcwj/qjwj/qjjg/zfbgs2/202606/t20260615_7318404.html
2020,2007年政府工作报告_政府工作报告__天津市蓟州区人民政府,天津,,家台等公司介入型示范新村正在规划，有的已初见成效。加强农村基础设施建设，综合整治农村环境，一大批村实现了道路硬化亮化、村容绿化美化、能源清洁化，有效地改变了村容村貌。 —— 招商引资渠道日益拓宽，对外开放水平进一步提升 。紧紧抓住滨海新区开发开放的历史机遇，与天津港保税区、天津经济技术开发区达成战略性合作关系，有些项目开始引入。加快招商载体建设，开发区二期实现 “ 七通一平 ” ，三期进入实质性运作；五个乡镇产业功能区引资工作取得成效。建立规范性项目库，为加速招商提供项目储备。成功举办渔阳金秋旅游节，经贸洽谈取得可喜成,https://www.tjjz.gov.cn/zwgk/ZFGZBG_20201207/202012/t20201227_5202940.html
2020,2007年政府工作报告_政府工作报告__天津市蓟州区人民政府,天津,,型示范新村正在规划，有的已初见成效。加强农村基础设施建设，综合整治农村环境，一大批村实现了道路硬化亮化、村容绿化美化、能源清洁化，有效地改变了村容村貌。 —— 招商引资渠道日益拓宽，对外开放水平进一步提升 。紧紧抓住滨海新区开发开放的历史机遇，与天津港保税区、天津经济技术开发区达成战略性合作关系，有些项目开始引入。加快招商载体建设，开发区二期实现 “ 七通一平 ” ，三期进入实质性运作；五个乡镇产业功能区引资工作取得成效。建立规范性项目库，为加速招商提供项目储备。成功举办渔阳金秋旅游节，经贸洽谈取得可喜成果。四年间实际,https://www.tjjz.gov.cn/zwgk/ZFGZBG_20201207/202012/t20201227_5202940.html
2020,2007年政府工作报告_政府工作报告__天津市蓟州区人民政府,京津,,步走 ” 宏伟目标，为蓟县实现又好又快发展指明了前进方向。今后五年，是实现 “ 三步走 ” 前两步目标、基本建成具有 “ 大鹏展翅 ” 造型的中等旅游城市雏形的关键时期。这一时期，我们面临着全球经济一体化趋势加剧，环渤海地区经济崛起，滨海新区开发开放深入推进，京津 “ 一小时经济圈 ” 加速形成，全市已经进入一个新的上升期，以及我县以津蓟高速公路延长线和环城路建设为标志的城市基础设施不断完善，众多旅游文化大项目不断引进，经过多年发展综合经济实力不断增强，全县上下思进求快的热情不断高涨等诸多难得的发展机遇。同时，也面临着,https://www.tjjz.gov.cn/zwgk/ZFGZBG_20201207/202012/t20201227_5202940.html
2020,2007年政府工作报告_政府工作报告__天津市蓟州区人民政府,游客,,体育训练中心、山野运动基地、滑雪场等旅游项目。修建了罗庄子抗战胜利纪念碑，修缮和扩建了盘山烈士陵园，形成了红色旅游专线。农家院旅游方兴未艾，涌现出毛家峪、常州、大峪等特色旅游村。对渔阳宾馆、财税疗养院、长城巽院进行改造，接待能力不断提高。2006年全县接待中外游客近500万人次，综合收入15亿元，旅游业已经成为发展强劲的主导产业。商贸流通、房地产业不断壮大，建材大世界、兴华商埠、光大商业中心相继建成，农村 “ 三进 ” 工程顺利推进。青山溪语、山澜乡韵等现代小区竣工入住。2006年全县第三产业增加值达到49.5亿元，实,https://www.tjjz.gov.cn/zwgk/ZFGZBG_20201207/202012/t20201227_5202940.html
2020,2008年政府工作报告_政府工作报告__天津市蓟州区人民政府,北京,,建中等旅游城市至关紧要，意义重大。 2008 年政府工作总的要求是 ：全面贯彻党的十七大精神， 高举中国特色社会主义伟大旗帜，以邓小平理论和“三个代表”重要思想为指导，深入贯彻落实科学发展观，按照中央经济工作会议、市委九届三次全会和县委八届七次全会的部署，抓住北京奥运会和天津滨海新区开发开放重大历史机遇，全面实施构建中等旅游城市“三步走”第二步奋斗目标，紧紧围绕转变发展方式和完善社会主义市场经济体制，坚持好字优先，着力推进改革开放和科技创新，着力优化经济结构和提高经济增长质量，着力加强节能减排和生态环境保护，着力改善民,https://www.tjjz.gov.cn/zwgk/ZFGZBG_20201207/202012/t20201227_5202932.html
2020,2008年政府工作报告_政府工作报告__天津市蓟州区人民政府,北京,,实现达标排放。广泛开展多种形式创建活动，努力把建设资源节约型、环境友好型社会落实到每个单位和家庭，形成全社会共建生态文明的良好氛围。 加快推进生态县建设。启动实施生态县规划大纲，巩固和发展创建国家园林城市成果，推进创建国家优秀旅游城市和国家卫生城市工作。以迎接北京奥运会为契机，启动“四绿工程”，建成津蓟高速公路两侧绿化带，进一步实施京津风沙源治理工程，全年造林 4.5 万亩。加强森林防火和有害生物防治，加快恢复废旧矿山创面绿化，下力增加森林资源。继续深化矿山企业治理，坚决遏制乱开乱采等违法行为。坚决打击水库、河道、耕地,https://www.tjjz.gov.cn/zwgk/ZFGZBG_20201207/202012/t20201227_5202932.html
2020,2008年政府工作报告_政府工作报告__天津市蓟州区人民政府,天津,,市至关紧要，意义重大。 2008 年政府工作总的要求是 ：全面贯彻党的十七大精神， 高举中国特色社会主义伟大旗帜，以邓小平理论和“三个代表”重要思想为指导，深入贯彻落实科学发展观，按照中央经济工作会议、市委九届三次全会和县委八届七次全会的部署，抓住北京奥运会和天津滨海新区开发开放重大历史机遇，全面实施构建中等旅游城市“三步走”第二步奋斗目标，紧紧围绕转变发展方式和完善社会主义市场经济体制，坚持好字优先，着力推进改革开放和科技创新，着力优化经济结构和提高经济增长质量，着力加强节能减排和生态环境保护，着力改善民计民生和促进,https://www.tjjz.gov.cn/zwgk/ZFGZBG_20201207/202012/t20201227_5202932.html
2020,2008年政府工作报告_政府工作报告__天津市蓟州区人民政府,山东,,实施重点项目 12 个。盘山金碧国际会议旅游度假中心一期工程进展顺利。盘山文化城项目完成概念性规划，一期用地进入挂牌程序。盘山北少林寺恢复工程正式启动。环秀湖休闲度假中心首期工程具备开工条件。蓟州地质博物馆和历史博物馆完成主体建设。旅游基础设施不断完善，完成盘山东路拓宽改造、游客服务中心建设项目。盘山景区被评为国家首批 5A 级景区。农家院旅游健康发展。全县接待游客 550 万人次，实现综合收入 18.5 亿元。商贸流通活跃，市场建设加快， 农村“三进工程 ”基本完成。全县社会消费品零售额达到 34 亿元，增长 21.,https://www.tjjz.gov.cn/zwgk/ZFGZBG_20201207/202012/t20201227_5202932.html
2020,2008年政府工作报告_政府工作报告__天津市蓟州区人民政府,京津,,会落实到每个单位和家庭，形成全社会共建生态文明的良好氛围。 加快推进生态县建设。启动实施生态县规划大纲，巩固和发展创建国家园林城市成果，推进创建国家优秀旅游城市和国家卫生城市工作。以迎接北京奥运会为契机，启动“四绿工程”，建成津蓟高速公路两侧绿化带，进一步实施京津风沙源治理工程，全年造林 4.5 万亩。加强森林防火和有害生物防治，加快恢复废旧矿山创面绿化，下力增加森林资源。继续深化矿山企业治理，坚决遏制乱开乱采等违法行为。坚决打击水库、河道、耕地非法采砂活动。加强于桥水库沿岸餐馆整治后续监管。抓好环境整治，清除马路大集,https://www.tjjz.gov.cn/zwgk/ZFGZBG_20201207/202012/t20201227_5202932.html
2020,2008年政府工作报告_政府工作报告__天津市蓟州区人民政府,游客,21.4 ％,2 个。盘山金碧国际会议旅游度假中心一期工程进展顺利。盘山文化城项目完成概念性规划，一期用地进入挂牌程序。盘山北少林寺恢复工程正式启动。环秀湖休闲度假中心首期工程具备开工条件。蓟州地质博物馆和历史博物馆完成主体建设。旅游基础设施不断完善，完成盘山东路拓宽改造、游客服务中心建设项目。盘山景区被评为国家首批 5A 级景区。农家院旅游健康发展。全县接待游客 550 万人次，实现综合收入 18.5 亿元。商贸流通活跃，市场建设加快， 农村“三进工程 ”基本完成。全县社会消费品零售额达到 34 亿元，增长 21.4 ％。第三产业,https://www.tjjz.gov.cn/zwgk/ZFGZBG_20201207/202012/t20201227_5202932.html
2020,2008年政府工作报告_政府工作报告__天津市蓟州区人民政府,游客,21.4 ％,用地进入挂牌程序。盘山北少林寺恢复工程正式启动。环秀湖休闲度假中心首期工程具备开工条件。蓟州地质博物馆和历史博物馆完成主体建设。旅游基础设施不断完善，完成盘山东路拓宽改造、游客服务中心建设项目。盘山景区被评为国家首批 5A 级景区。农家院旅游健康发展。全县接待游客 550 万人次，实现综合收入 18.5 亿元。商贸流通活跃，市场建设加快， 农村“三进工程 ”基本完成。全县社会消费品零售额达到 34 亿元，增长 21.4 ％。第三产业增加值完成 57.06 亿元，占全县经济总量比重提高 2.1 个百分点，以旅游文化产业带,https://www.tjjz.gov.cn/zwgk/ZFGZBG_20201207/202012/t20201227_5202932.html
2020,2008年政府工作报告_政府工作报告__天津市蓟州区人民政府,游客,,完成蓟县城乡总体规划批报工作，完成蓟县生态建设规划、市民广场规划、蓟州古城保护规划、旧城改造规划、县域交通规划、城区水系水景规划等 9 个专项规划及 唐代文化街、欧式风情街开发建设等单项规划，体现城市文化品位、独特风格和现代化气息。继续推进基础设施建设，以方便游客旅游、方便群众出行为原则， 打造城市交通体系，蓟平高速奥运前开通、年内建成田家峪出口；环城路“五一”前完成配套工程，山前景观大道年内东路建成、西路贯通。开工建设商贸东街、迎宾西路、中昌南路、东风路等城区道路，大修京哈公路、水库南路，升级改造宝平北路、东陵路、别,https://www.tjjz.gov.cn/zwgk/ZFGZBG_20201207/202012/t20201227_5202932.html
2020,2009年政府工作报告_政府工作报告__天津市蓟州区人民政府,北京,,招商引资力度。确定今年为全县招商年，广泛开展招商引资活动，形成全社会抓招商的局面。进一步深化与天津经济技术开发区、天津港保税区和天津高新技术园区的战略合作，促成一批外溢项目落户我县。下力量盯住央企和国内外 500 强大企业，盯住“长三角”、“珠三角”、港澳台及北京地区高新技术和旅游文化大项目，有效发挥各地商会、联合会作用，拓宽招商渠道，创新招商模式，深化合作招商、规划招商、园区招商、产业链招商，加速大项目、好项目的聚集。潜心研究招商引资措施，借外力激活招商，激活发展潜力，把资源优势转化为经济优势、发展优势和竞争优势。不,https://www.tjjz.gov.cn/zwgk/ZFGZBG_20201207/202012/t20201227_5202949.html
2020,2009年政府工作报告_政府工作报告__天津市蓟州区人民政府,天津,12.9 ％,名联堂改造等一批景区重点工程建设。成功举办了渔阳金秋旅游节、黄崖关国际马拉松旅游、国际汽车拉力赛颁奖仪式等一系列大型活动。全年接待游客 632 万人次，增长 12.9 ％，接待能力、服务水平和蓟县对外知名度及影响力大幅提升。金融业发展较快，银政合作纵深推进，与天津银行合作建立了天津市首家、全国最大的村镇银行，与华安保险公司合作建立了涉农融资风险保证机制，现代金融服务体系正在加快形成。市场建设加快推进，商贸流通繁荣活跃，北京新世联华大型超市入蓟开业，渔阳国际物流中心项目完成注册。服务业增加值占全县经济比重达到 52.8 ,https://www.tjjz.gov.cn/zwgk/ZFGZBG_20201207/202012/t20201227_5202949.html
2020,2009年政府工作报告_政府工作报告__天津市蓟州区人民政府,天津,"12.9 ％,52.8 ％",区重点工程建设。成功举办了渔阳金秋旅游节、黄崖关国际马拉松旅游、国际汽车拉力赛颁奖仪式等一系列大型活动。全年接待游客 632 万人次，增长 12.9 ％，接待能力、服务水平和蓟县对外知名度及影响力大幅提升。金融业发展较快，银政合作纵深推进，与天津银行合作建立了天津市首家、全国最大的村镇银行，与华安保险公司合作建立了涉农融资风险保证机制，现代金融服务体系正在加快形成。市场建设加快推进，商贸流通繁荣活跃，北京新世联华大型超市入蓟开业，渔阳国际物流中心项目完成注册。服务业增加值占全县经济比重达到 52.8 ％，引领作用更加显,https://www.tjjz.gov.cn/zwgk/ZFGZBG_20201207/202012/t20201227_5202949.html
2020,2009年政府工作报告_政府工作报告__天津市蓟州区人民政府,天津,,官庄镇、许家台乡“公司介入型”新农村建设加快，毛家峪村“宅基地换房”一期进入分配阶段。乡村旅游规范提升工程顺利推进，建成九山顶污水处理厂和 25 个小型垃圾中转站， 66 个旅游特色村、 800 个旅游经营户通过市级认证，青山岭、郭家沟、毛家峪、常州村被评为“天津市魅力乡村”。农村基础设施建设步伐加快，大修乡村公路 166 公里，改造危桥 16 座，建成 40 个电气化村，完成 116 个村、 9.2 万人农村饮水安全工程任务。改造中低产田 5.5 万亩。新建户用沼气池 2500 座，总数达到 7000 座。全面启动农,https://www.tjjz.gov.cn/zwgk/ZFGZBG_20201207/202012/t20201227_5202949.html
2020,2009年政府工作报告_政府工作报告__天津市蓟州区人民政府,天津,,目责任包干制，责任单位全程服务，一盯到底。上半年召开重大项目推动表彰会，对先进单位大张旗鼓地表彰奖励。 推进招商引资进度。主动适应外资重组、内资转移增速的新动向，加大招商引资力度。确定今年为全县招商年，广泛开展招商引资活动，形成全社会抓招商的局面。进一步深化与天津经济技术开发区、天津港保税区和天津高新技术园区的战略合作，促成一批外溢项目落户我县。下力量盯住央企和国内外 500 强大企业，盯住“长三角”、“珠三角”、港澳台及北京地区高新技术和旅游文化大项目，有效发挥各地商会、联合会作用，拓宽招商渠道，创新招商模式，深化合,https://www.tjjz.gov.cn/zwgk/ZFGZBG_20201207/202012/t20201227_5202949.html
2020,2009年政府工作报告_政府工作报告__天津市蓟州区人民政府,天津,,位全程服务，一盯到底。上半年召开重大项目推动表彰会，对先进单位大张旗鼓地表彰奖励。 推进招商引资进度。主动适应外资重组、内资转移增速的新动向，加大招商引资力度。确定今年为全县招商年，广泛开展招商引资活动，形成全社会抓招商的局面。进一步深化与天津经济技术开发区、天津港保税区和天津高新技术园区的战略合作，促成一批外溢项目落户我县。下力量盯住央企和国内外 500 强大企业，盯住“长三角”、“珠三角”、港澳台及北京地区高新技术和旅游文化大项目，有效发挥各地商会、联合会作用，拓宽招商渠道，创新招商模式，深化合作招商、规划招商、园,https://www.tjjz.gov.cn/zwgk/ZFGZBG_20201207/202012/t20201227_5202949.html
2020,2009年政府工作报告_政府工作报告__天津市蓟州区人民政府,天津,,盯到底。上半年召开重大项目推动表彰会，对先进单位大张旗鼓地表彰奖励。 推进招商引资进度。主动适应外资重组、内资转移增速的新动向，加大招商引资力度。确定今年为全县招商年，广泛开展招商引资活动，形成全社会抓招商的局面。进一步深化与天津经济技术开发区、天津港保税区和天津高新技术园区的战略合作，促成一批外溢项目落户我县。下力量盯住央企和国内外 500 强大企业，盯住“长三角”、“珠三角”、港澳台及北京地区高新技术和旅游文化大项目，有效发挥各地商会、联合会作用，拓宽招商渠道，创新招商模式，深化合作招商、规划招商、园区招商、产业链,https://www.tjjz.gov.cn/zwgk/ZFGZBG_20201207/202012/t20201227_5202949.html
2020,2009年政府工作报告_政府工作报告__天津市蓟州区人民政府,京津,, 把加快产业结构调整、促进产业聚集作为保增长的主攻方向，依托资源优势，突出区域特色，聚集优势产业，延伸产业链条，促进优势产业集群化发展，在三次产业融合互动中实现产业结构优化升级。 以“引入消费”为重点，不断提升旅游文化产业层次和水平。依托滨海新区资源高度集中和京津两地高层人士聚集、高端群体众多、高档消费需求旺盛的无限商机，充分发挥蓟县 “京津后花园”得天独厚的旅游文化资源优势，以五大休闲度假功能区为载体，加快引入消费，聚集发展要素，带动发展以旅游、文化、餐饮、娱乐、会展与房地产业为主的现代服务业。年内启动盘龙谷文化城二,https://www.tjjz.gov.cn/zwgk/ZFGZBG_20201207/202012/t20201227_5202949.html
2020,2009年政府工作报告_政府工作报告__天津市蓟州区人民政府,京津,,色，聚集优势产业，延伸产业链条，促进优势产业集群化发展，在三次产业融合互动中实现产业结构优化升级。 以“引入消费”为重点，不断提升旅游文化产业层次和水平。依托滨海新区资源高度集中和京津两地高层人士聚集、高端群体众多、高档消费需求旺盛的无限商机，充分发挥蓟县 “京津后花园”得天独厚的旅游文化资源优势，以五大休闲度假功能区为载体，加快引入消费，聚集发展要素，带动发展以旅游、文化、餐饮、娱乐、会展与房地产业为主的现代服务业。年内启动盘龙谷文化城二期工程建设，引进更多国内外知名影视、文化、传媒企业，打造世界级复合型文化产业聚集,https://www.tjjz.gov.cn/zwgk/ZFGZBG_20201207/202012/t20201227_5202949.html
2020,2009年政府工作报告_政府工作报告__天津市蓟州区人民政府,京津,,主的现代服务业。年内启动盘龙谷文化城二期工程建设，引进更多国内外知名影视、文化、传媒企业，打造世界级复合型文化产业聚集区。加快盘山金碧一个酒店、六个中心建设，尽早发挥国际会议中心功能。完成盘山北少林寺恢复一期工程，突出佛教文化特色，规划少林文化产业园。推进中铁京津休闲商务区、汇森生态科技谷、泰达企业总部和新加坡中天休闲总部基地项目，朝着建设京津都市圈高端休闲商务区目标迈进。进一步完善旅游基础设施，推进旅游管理体制和经营机制改革创新，策划景区景点整体营销，积极争创“中国优秀旅游目的地”。在举办好已有大型旅游活动基础上，举,https://www.tjjz.gov.cn/zwgk/ZFGZBG_20201207/202012/t20201227_5202949.html
2020,2009年政府工作报告_政府工作报告__天津市蓟州区人民政府,京津,,媒企业，打造世界级复合型文化产业聚集区。加快盘山金碧一个酒店、六个中心建设，尽早发挥国际会议中心功能。完成盘山北少林寺恢复一期工程，突出佛教文化特色，规划少林文化产业园。推进中铁京津休闲商务区、汇森生态科技谷、泰达企业总部和新加坡中天休闲总部基地项目，朝着建设京津都市圈高端休闲商务区目标迈进。进一步完善旅游基础设施，推进旅游管理体制和经营机制改革创新，策划景区景点整体营销，积极争创“中国优秀旅游目的地”。在举办好已有大型旅游活动基础上，举办首届梨花节特色旅游活动。通过打造旅游新亮点，全年接待游客人次、旅游收入分别增长 ,https://www.tjjz.gov.cn/zwgk/ZFGZBG_20201207/202012/t20201227_5202949.html
2020,2009年政府工作报告_政府工作报告__天津市蓟州区人民政府,京津,,导向、科技创新为手段、质量效益为目标，走规模化、品牌化发展之路，积极构建现代农业产业体系。高标准建设设施农业园，精心打造万亩生态设施农业示范区和苗木花卉生产销售基地，建成中智示范农场南美风情园、豪美生态农业园、世纪丰优质种猪产业园，使其成为现代农业新亮点。瞄准京津市场，发挥区位优势，大力发展生态特色农业、观光休闲农业、出口创汇农业、高科技现代农业，新建规模化设施农业 1.8 万亩，促进全县现代农业加快发展。积极推进农业标准化建设，扩大绿色食品、有机食品基地面积，全面提升农产品质量安全水平，加大力量实施品牌战略，打造知名,https://www.tjjz.gov.cn/zwgk/ZFGZBG_20201207/202012/t20201227_5202949.html
2020,2009年政府工作报告_政府工作报告__天津市蓟州区人民政府,游客,12.9 ％,盘山为重点的旅游文化产业集群逐渐显现。毛家峪体育公园抓紧施工。大通山水郡五星级酒店开业。完成了盘山“三盘暮雨”景观改造、黄崖关长城名联堂改造等一批景区重点工程建设。成功举办了渔阳金秋旅游节、黄崖关国际马拉松旅游、国际汽车拉力赛颁奖仪式等一系列大型活动。全年接待游客 632 万人次，增长 12.9 ％，接待能力、服务水平和蓟县对外知名度及影响力大幅提升。金融业发展较快，银政合作纵深推进，与天津银行合作建立了天津市首家、全国最大的村镇银行，与华安保险公司合作建立了涉农融资风险保证机制，现代金融服务体系正在加快形成。市场建设,https://www.tjjz.gov.cn/zwgk/ZFGZBG_20201207/202012/t20201227_5202949.html
2020,2009年政府工作报告_政府工作报告__天津市蓟州区人民政府,游客,"13 ％,20 ％",闲总部基地项目，朝着建设京津都市圈高端休闲商务区目标迈进。进一步完善旅游基础设施，推进旅游管理体制和经营机制改革创新，策划景区景点整体营销，积极争创“中国优秀旅游目的地”。在举办好已有大型旅游活动基础上，举办首届梨花节特色旅游活动。通过打造旅游新亮点，全年接待游客人次、旅游收入分别增长 13 ％和 20 ％以上。 以“园区建设”为重点，不断促进新型工业的集群发展。学习借鉴先进地区园区建设经验，坚持规模化、专业化、高新化发展方向，高水平推进园区建设，不断完善载体功能，突出产业特色，吸引更多企业、更多发展要素向园区集聚。落,https://www.tjjz.gov.cn/zwgk/ZFGZBG_20201207/202012/t20201227_5202949.html
2020,2009年政府工作报告_政府工作报告__天津市蓟州区人民政府,京津市场,,导向、科技创新为手段、质量效益为目标，走规模化、品牌化发展之路，积极构建现代农业产业体系。高标准建设设施农业园，精心打造万亩生态设施农业示范区和苗木花卉生产销售基地，建成中智示范农场南美风情园、豪美生态农业园、世纪丰优质种猪产业园，使其成为现代农业新亮点。瞄准京津市场，发挥区位优势，大力发展生态特色农业、观光休闲农业、出口创汇农业、高科技现代农业，新建规模化设施农业 1.8 万亩，促进全县现代农业加快发展。积极推进农业标准化建设，扩大绿色食品、有机食品基地面积，全面提升农产品质量安全水平，加大力量实施品牌战略，打造知名品牌,https://www.tjjz.gov.cn/zwgk/ZFGZBG_20201207/202012/t20201227_5202949.html
2020,天津市蓟州区2020年政府工作报告_政府工作报告__天津市蓟州区人民政府,北京,"1%,7%", 1% ；一般公共预算收入完成 25.1 亿元；全社会固定资产投资完成 110 亿元；居民人均可支配收入达到 28428 元，增长 7% 。 （一）区域协同实现深层次融合 。主动融入京津冀协同发展，区位优势、战略价值稳步提升。强化顶层设计，完成 “ 蓟州建设环北京一小时生活圈品质城市 ” 研究论证，发展定位及路径更加明晰。紧盯北京非首都功能疏解，完成《蓟州区打造北京非首都功能高水平承接平台规划》编制，州河科技产业园基础设施全面提标，供气供热项目有序推进，载体功能更加完备。蓟州新城业态布局优化，成功落地一批文旅、商贸和高,https://www.tjjz.gov.cn/zwgk/ZFGZBG_20201207/202012/t20201227_5203431.html
2020,天津市蓟州区2020年政府工作报告_政府工作报告__天津市蓟州区人民政府,北京,7%,成 110 亿元；居民人均可支配收入达到 28428 元，增长 7% 。 （一）区域协同实现深层次融合 。主动融入京津冀协同发展，区位优势、战略价值稳步提升。强化顶层设计，完成 “ 蓟州建设环北京一小时生活圈品质城市 ” 研究论证，发展定位及路径更加明晰。紧盯北京非首都功能疏解，完成《蓟州区打造北京非首都功能高水平承接平台规划》编制，州河科技产业园基础设施全面提标，供气供热项目有序推进，载体功能更加完备。蓟州新城业态布局优化，成功落地一批文旅、商贸和高端居住项目。坚持 “ 走出去 ” 与 “ 请进来 ” 相结合，利用津,https://www.tjjz.gov.cn/zwgk/ZFGZBG_20201207/202012/t20201227_5203431.html
2020,天津市蓟州区2020年政府工作报告_政府工作报告__天津市蓟州区人民政府,北京,7%,达到 28428 元，增长 7% 。 （一）区域协同实现深层次融合 。主动融入京津冀协同发展，区位优势、战略价值稳步提升。强化顶层设计，完成 “ 蓟州建设环北京一小时生活圈品质城市 ” 研究论证，发展定位及路径更加明晰。紧盯北京非首都功能疏解，完成《蓟州区打造北京非首都功能高水平承接平台规划》编制，州河科技产业园基础设施全面提标，供气供热项目有序推进，载体功能更加完备。蓟州新城业态布局优化，成功落地一批文旅、商贸和高端居住项目。坚持 “ 走出去 ” 与 “ 请进来 ” 相结合，利用津洽会、厦洽会、全球区块链创新峰会，广,https://www.tjjz.gov.cn/zwgk/ZFGZBG_20201207/202012/t20201227_5203431.html
2020,天津市蓟州区2020年政府工作报告_政府工作报告__天津市蓟州区人民政府,北京,,、以退促产，盘活园区闲置土地 500 亩。多维度提升蓟州新城魅力，推进新城一期地块出让和 8.7 万平米新增安置房建设，集聚文化旅游、金融服务、教育科研、康养度假、商务商贸等高端要素，打造休闲度假服务聚集区。 促进招商项目落地。立足生态涵养发展区定位，精准承接北京优质外溢资源，拓展与首都高校、科研院所、央企国企合作，常态化引资引税、引才引智。强化涉企服务，破解项目落地瓶颈制约，助推国通产业城、万达文化旅游及城市综合体等项目尽早开工。严格项目准入，从源头上提升招商质量。 促进区域联动共建。落实《协同区域共建机制方案》，定,https://www.tjjz.gov.cn/zwgk/ZFGZBG_20201207/202012/t20201227_5203431.html
2020,天津市蓟州区2020年政府工作报告_政府工作报告__天津市蓟州区人民政府,河北,, 市交通运输委 市退役军人事务局 市卫生健康委 市文化和旅游局 市市场监管委 市外办 市审计局 市应急局 市医保局 市统计局 市体育局 市国资委 市信访办 市机关事务管理局 市金融局 市政务服务办 市消防救援总队 市知识产权局 市粮食和物资储备局 区政府网站 河北区 和平区 滨海新区 红桥区 南开区 河东区 河西区 津南区 西青区 东丽区 静海区 宝坻区 武清区 北辰区 宁河区 有关单位 市高法 市政协 市人大 市残联 市妇联 市地震局 市检察院 天津日报 人民网天津频道 中国文明网 北方网 天津电视台 今晚报 网站地,https://www.tjjz.gov.cn/zwgk/ZFGZBG_20201207/202012/t20201227_5203431.html
2020,天津市蓟州区2020年政府工作报告_政府工作报告__天津市蓟州区人民政府,京津,,建设环北京一小时生活圈品质城市，打造协同发展重要城市 “ 微中心 ” 。加快实施仓桑公路东延、马营公路西延等区域连接路，打通一批瓶颈路、断头路，协调推动津承高铁和京平轨道东延前期工作。 促进载体平台优化。深化与中交集团合作，加快建设州河国家湿地公园，高标准打造京津州河绿色经济发展带。完善州河科技产业园基础设施，实现蒸汽直供、燃气直通。坚持以退促建、以退促投、以退促产，盘活园区闲置土地 500 亩。多维度提升蓟州新城魅力，推进新城一期地块出让和 8.7 万平米新增安置房建设，集聚文化旅游、金融服务、教育科研、康养度假、商,https://www.tjjz.gov.cn/zwgk/ZFGZBG_20201207/202012/t20201227_5203431.html
2020,天津市蓟州区2020年政府工作报告_政府工作报告__天津市蓟州区人民政府,京津,,中蓟云大数据、绅名科技等项目开工建设，全年开工项目 42 个、投产项目 15 个。鼓励引导企业实施智能化改造，推广应用新技术、新工艺、新设备，提升核心竞争力。全年规上工业产值、增加值保持稳中有升。 做优现代农业。优化南蔬菜、北休闲、东生态、西苗木产业布局，打造京津冀绿色安全“大果园”和“大菜园”。深化出头岭国家级农业产业强镇创建成果，打造马伸桥蓝莓现代农业产业园，建设杨津庄芍药鲜切花基地。健全农产品电子商务体系，实施信息进村入户工程。延长产业链、提升价值链，建设高标准农田 3.21 万亩，新培育示范家庭农场 10 家，,https://www.tjjz.gov.cn/zwgk/ZFGZBG_20201207/202012/t20201227_5203431.html
2020,天津市蓟州区2020年政府工作报告_政府工作报告__天津市蓟州区人民政府,京津,,创文步伐，践行社会主义核心价值观，提高公众文明素质。加强文物保护利用，推动非遗项目进景区、进乡村。开展文化惠民系列活动，形成区镇村三级总分馆服务网络，完成公共文化服务体系评估验收。新建一批登山步道、健身广场，更新一批村居健身器材。组织好全民健身系列活动，举办好京津冀国际公路自行车挑战赛等高水平赛事。 构建安全和谐环境。强化应急能力提升，加快建设应急指挥中心，完善区级应急协同机制，协调应急管理部森林消防队伍驻防。持续开展重点行业领域隐患排查整治，推进基层社区安全治理，严控食品安全突发事件，确保安全形势平稳有序。全面实施“,https://www.tjjz.gov.cn/zwgk/ZFGZBG_20201207/202012/t20201227_5203431.html
2020,天津市蓟州区2020年政府工作报告_政府工作报告__天津市蓟州区人民政府,京津冀,,中蓟云大数据、绅名科技等项目开工建设，全年开工项目 42 个、投产项目 15 个。鼓励引导企业实施智能化改造，推广应用新技术、新工艺、新设备，提升核心竞争力。全年规上工业产值、增加值保持稳中有升。 做优现代农业。优化南蔬菜、北休闲、东生态、西苗木产业布局，打造京津冀绿色安全“大果园”和“大菜园”。深化出头岭国家级农业产业强镇创建成果，打造马伸桥蓝莓现代农业产业园，建设杨津庄芍药鲜切花基地。健全农产品电子商务体系，实施信息进村入户工程。延长产业链、提升价值链，建设高标准农田 3.21 万亩，新培育示范家庭农场 10 家，新,https://www.tjjz.gov.cn/zwgk/ZFGZBG_20201207/202012/t20201227_5203431.html
2020,天津市蓟州区2020年政府工作报告_政府工作报告__天津市蓟州区人民政府,京津冀,,创文步伐，践行社会主义核心价值观，提高公众文明素质。加强文物保护利用，推动非遗项目进景区、进乡村。开展文化惠民系列活动，形成区镇村三级总分馆服务网络，完成公共文化服务体系评估验收。新建一批登山步道、健身广场，更新一批村居健身器材。组织好全民健身系列活动，举办好京津冀国际公路自行车挑战赛等高水平赛事。 构建安全和谐环境。强化应急能力提升，加快建设应急指挥中心，完善区级应急协同机制，协调应急管理部森林消防队伍驻防。持续开展重点行业领域隐患排查整治，推进基层社区安全治理，严控食品安全突发事件，确保安全形势平稳有序。全面实施“雪,https://www.tjjz.gov.cn/zwgk/ZFGZBG_20201207/202012/t20201227_5203431.html
2020,天津市蓟州区2020年政府工作报告_政府工作报告__天津市蓟州区人民政府,游客,3%,飞越盘山 ”VR 空中游览体验项目，完成黄崖关长城创建国家 5A 级景区景观价值评定和软硬件改造提升，建成梨木台生态游步道环线。增添乡村旅游魅力， 7 个村入选第一批全国乡村旅游重点村名录， 10 个精品旅游村打造初见成效，新发展高端民宿 50 家。全年共接待游客 2800 万人次，实现综合收入 165 亿元。繁荣发展商贸物流业，州河湾夜市开街运营，东城金街满铺经营，夜间经济助推消费升级。开通农特产品快递服务直通车，电子商务实现融合发展。全年社会消费品零售额增长 3% 。新增楼宇经济载体 3 个，总面积 4.7 万平方,https://www.tjjz.gov.cn/zwgk/ZFGZBG_20201207/202012/t20201227_5203431.html
2020,天津市蓟州区2020年政府工作报告_政府工作报告__天津市蓟州区人民政府,游客,"7%,12%",镇、精品特色村旅游服务功能，开发一批平原地区休闲农庄、特色民宿、红色展览馆、主题摄影园。坚持全链条打造，强化旅游龙头项目支撑，推动景区游、乡村游向休闲度假转型，整合激活关联产业，形成集聚效应。坚持全方位营销，加快智慧旅游建设，广泛宣传推介全域旅游品牌。全年接待游客和旅游收入分别增长 7% 和 12% 。 做大新型工业。以州河科技产业园为主阵地，聚焦高质高端高新产业，吸引更多市场前景好、科技含量高、带动能力强的项目进驻园区。强力推动中蓟云大数据、绅名科技等项目开工建设，全年开工项目 42 个、投产项目 15 个。鼓励引导,https://www.tjjz.gov.cn/zwgk/ZFGZBG_20201207/202012/t20201227_5203431.html
2021,天津市蓟州区2021年政府工作报告_政府工作报告__天津市蓟州区人民政府,北京,,。塘承高速、京秦高速蓟州段全线贯通，搭建起 “ 两横两纵 ” 高速路网框架。津围北二线、邦喜二线、仓桑路西延、侯玉公路建成通车。京哈铁路蓟州站开通运行，正式步入动车时代，加速融入首都半小时通勤圈。 服务保障能力不断提升 。启动蓟州农品进京工程，绿色优质农品直供北京市场。国内最长的跨区域大管径输热管线工程 ——“ 蓟宝热电 ” 项目正式运营，为 “ 引热入京 ” 工程实施探索出成功经验。 联动协作能力不断提升 。深化周边地区务实合作，生态共建、旅游互动、公共服务、疫情防控高效协同。倾力开展东西部扶贫协作和支援合作，甘肃省,https://www.tjjz.gov.cn/zwgk/ZFGZBG_20201207/202101/t20210121_5331746.html
2021,天津市蓟州区2021年政府工作报告_政府工作报告__天津市蓟州区人民政府,北京,,目标任务 区委一届十二次全会明确指出：到 2035 年，基本建成社会主义现代化新蓟州，努力成为 “ 非首都功能特色承接地 ”“ 京津城市服务保障基地 ”“ 国家休闲度假目的地 ”“ 宜居的山水文化名城 ” 。展望二 〇 三五年，以京津冀协同发展为引领，加快承接北京非首都功能疏解， “ 绿水青山 ” 高水平转化为 “ 金山银山 ” ，经济总量和城乡居民人均收入迈上新台阶；生态环境进一步优化，京津冀 “ 绿心 ” 作用充分彰显；城乡发展融合协调，公共服务与基础设施实现均衡覆盖；乡村全面振兴，成为宜居家园；文化保护传承与发展,https://www.tjjz.gov.cn/zwgk/ZFGZBG_20201207/202101/t20210121_5331746.html
2021,天津市蓟州区2021年政府工作报告_政府工作报告__天津市蓟州区人民政府,北京,,：京平高速、京秦高速，津蓟高速、塘承高速。 2 、蓟宝热电 ：天津重大清洁能源供热建设项目，通过铺设长输管线，将蓟州区 国华、大唐两个 发电厂的热力资源输送到宝坻城区和蓟州区南部地区。 3 、引热入京 ：与京能集团合作，利用蓟州区两 个 发电厂的热力资源，保障北京地区供热。 4 、 1001 工程 ： 天津市电网提升改造工程， 到建党 100 周年时 ， 初步建成世界一流 电力 能源互联网。 5 、三地一城 ：非首都功能特色承接地，京津城市服务保障基地，国家休闲度假目的地，宜居的山水文化名城。 6 、双安双创 ：创建国,https://www.tjjz.gov.cn/zwgk/ZFGZBG_20201207/202101/t20210121_5331746.html
2021,天津市蓟州区2021年政府工作报告_政府工作报告__天津市蓟州区人民政府,天津,,力不断提升 。深化周边地区务实合作，生态共建、旅游互动、公共服务、疫情防控高效协同。倾力开展东西部扶贫协作和支援合作，甘肃省武威市古浪县、天祝县脱贫摘帽。 五年来，生态文明深入人心，绿色底蕴更加殷实 。积极践行习近平生态文明思想，生态环境实现根本性好转， 成为天津市唯一接连获得全国 “ 绿水青山就是金山银山 ” 实践创新基地和国家生态文明建设示范区荣誉称号的行政区，连续在全国 800 多个重点生态功能区考核中位居前列，生态环境状况指数稳居全市第一。 大气质量持续改善 。关停取缔 “ 散乱污 ” 企业 976 家，整改提,https://www.tjjz.gov.cn/zwgk/ZFGZBG_20201207/202101/t20210121_5331746.html
2021,天津市蓟州区2021年政府工作报告_政府工作报告__天津市蓟州区人民政府,天津,,津承高铁、京平轨道东延规划建设，探索推进北京公交直通蓟州，融入京津一小时生活圈、半小时通勤圈。建强经济开发区等承接载体，积极承接央企国企及分支机构、科研教育及医疗服务等功能疏解，打造非首都功能特色承接地。实施 “ 引热入京 ” 工程，推动更多绿色农品进京，保障天津优质水源供应，打造京津城市服务保障基地。做优国家全域旅游示范区，创建国家文化和旅游消费试点城市，推进智慧旅游全覆盖，打造国家休闲度假目的地，旅游收入在 2020 年基础上翻一番。构建 “ 一核两带三区 ” 发展格局，打造宜居的山水文化名城。 2 、培育生态经济,https://www.tjjz.gov.cn/zwgk/ZFGZBG_20201207/202101/t20210121_5331746.html
2021,天津市蓟州区2021年政府工作报告_政府工作报告__天津市蓟州区人民政府,天津,,2 、蓟宝热电 ：天津重大清洁能源供热建设项目，通过铺设长输管线，将蓟州区 国华、大唐两个 发电厂的热力资源输送到宝坻城区和蓟州区南部地区。 3 、引热入京 ：与京能集团合作，利用蓟州区两 个 发电厂的热力资源，保障北京地区供热。 4 、 1001 工程 ： 天津市电网提升改造工程， 到建党 100 周年时 ， 初步建成世界一流 电力 能源互联网。 5 、三地一城 ：非首都功能特色承接地，京津城市服务保障基地，国家休闲度假目的地，宜居的山水文化名城。 6 、双安双创 ：创建国家食品安全示范城市、国家农产品质量安全区。 ,https://www.tjjz.gov.cn/zwgk/ZFGZBG_20201207/202101/t20210121_5331746.html
2021,天津市蓟州区2021年政府工作报告_政府工作报告__天津市蓟州区人民政府,天津,, 到建党 100 周年时 ， 初步建成世界一流 电力 能源互联网。 5 、三地一城 ：非首都功能特色承接地，京津城市服务保障基地，国家休闲度假目的地，宜居的山水文化名城。 6 、双安双创 ：创建国家食品安全示范城市、国家农产品质量安全区。 7 、津农精品 ： 天津 市农业品牌化建设 工程 ，致力于打造国际有名、国内知名农业品牌。 8 、首店经济 ： 依托 区域特有资源优势，吸引国内外品牌在区域首次开设门店，使品牌价值与区域资源实现优势互补。 9 、三线一单 ：生态保护红线、环境质量底线、资源利用上线和生态环境准入清单。,https://www.tjjz.gov.cn/zwgk/ZFGZBG_20201207/202101/t20210121_5331746.html
2021,天津市蓟州区2021年政府工作报告_政府工作报告__天津市蓟州区人民政府,河北,, 市交通运输委 市退役军人事务局 市卫生健康委 市文化和旅游局 市市场监管委 市外办 市审计局 市应急局 市医保局 市统计局 市体育局 市国资委 市信访办 市机关事务管理局 市金融局 市政务服务办 市消防救援总队 市知识产权局 市粮食和物资储备局 区政府网站 河北区 和平区 滨海新区 红桥区 南开区 河东区 河西区 津南区 西青区 东丽区 静海区 宝坻区 武清区 北辰区 宁河区 有关单位 市高法 市政协 市人大 市残联 市妇联 市地震局 市检察院 天津日报 人民网天津频道 中国文明网 北方网 天津电视台 今晚报 网站地,https://www.tjjz.gov.cn/zwgk/ZFGZBG_20201207/202101/t20210121_5331746.html
2021,天津市蓟州区2021年政府工作报告_政府工作报告__天津市蓟州区人民政府,京津,,和治理能力亟待加强。对于这些问题，我们一定高度重视，采取有力措施，认真加以解决。 二、 2035 年远景目标和 “ 十四五 ” 时期目标任务 区委一届十二次全会明确指出：到 2035 年，基本建成社会主义现代化新蓟州，努力成为 “ 非首都功能特色承接地 ”“ 京津城市服务保障基地 ”“ 国家休闲度假目的地 ”“ 宜居的山水文化名城 ” 。展望二 〇 三五年，以京津冀协同发展为引领，加快承接北京非首都功能疏解， “ 绿水青山 ” 高水平转化为 “ 金山银山 ” ，经济总量和城乡居民人均收入迈上新台阶；生态环境进一步优化，,https://www.tjjz.gov.cn/zwgk/ZFGZBG_20201207/202101/t20210121_5331746.html
2021,天津市蓟州区2021年政府工作报告_政府工作报告__天津市蓟州区人民政府,京津,,景目标和 “ 十四五 ” 时期目标任务 区委一届十二次全会明确指出：到 2035 年，基本建成社会主义现代化新蓟州，努力成为 “ 非首都功能特色承接地 ”“ 京津城市服务保障基地 ”“ 国家休闲度假目的地 ”“ 宜居的山水文化名城 ” 。展望二 〇 三五年，以京津冀协同发展为引领，加快承接北京非首都功能疏解， “ 绿水青山 ” 高水平转化为 “ 金山银山 ” ，经济总量和城乡居民人均收入迈上新台阶；生态环境进一步优化，京津冀 “ 绿心 ” 作用充分彰显；城乡发展融合协调，公共服务与基础设施实现均衡覆盖；乡村全面振兴，成,https://www.tjjz.gov.cn/zwgk/ZFGZBG_20201207/202101/t20210121_5331746.html
2021,天津市蓟州区2021年政府工作报告_政府工作报告__天津市蓟州区人民政府,京津,,城市服务保障基地 ”“ 国家休闲度假目的地 ”“ 宜居的山水文化名城 ” 。展望二 〇 三五年，以京津冀协同发展为引领，加快承接北京非首都功能疏解， “ 绿水青山 ” 高水平转化为 “ 金山银山 ” ，经济总量和城乡居民人均收入迈上新台阶；生态环境进一步优化，京津冀 “ 绿心 ” 作用充分彰显；城乡发展融合协调，公共服务与基础设施实现均衡覆盖；乡村全面振兴，成为宜居家园；文化保护传承与发展有机融合， “ 千年古县 ” 焕发新的活力；社会和谐稳定，人民美好生活新期待不断实现。 今后五年，是乘势而上开启全面建设社会主义现代,https://www.tjjz.gov.cn/zwgk/ZFGZBG_20201207/202101/t20210121_5331746.html
2021,天津市蓟州区2021年政府工作报告_政府工作报告__天津市蓟州区人民政府,京津,,山 ” 向 “ 金山银山 ” 转化路径，推进治理体系和治理能力现代化，实现经济实力显著提升、社会安定和谐，为全面建设社会主义现代化新蓟州开好局、起好步。 “ 十四五 ” 时期全区经济社会发展主要目标是 ： —— 功能定位基本实现 。承接非首都功能疏解、服务供给京津都市、旅游休闲度假、山水文化宜居等功能明显提升，成为独具特色的区域节点城市。 —— 生态文明建设更加坚实 。国土空间格局不断优化，生态环境保护更加严格，美丽蓟州更加靓丽，京津绿色屏障功能更加突显。 —— 经济发展质量明显提升 。产业结构不断优化，创新能力大幅增,https://www.tjjz.gov.cn/zwgk/ZFGZBG_20201207/202101/t20210121_5331746.html
2021,天津市蓟州区2021年政府工作报告_政府工作报告__天津市蓟州区人民政府,京津,,全区经济社会发展主要目标是 ： —— 功能定位基本实现 。承接非首都功能疏解、服务供给京津都市、旅游休闲度假、山水文化宜居等功能明显提升，成为独具特色的区域节点城市。 —— 生态文明建设更加坚实 。国土空间格局不断优化，生态环境保护更加严格，美丽蓟州更加靓丽，京津绿色屏障功能更加突显。 —— 经济发展质量明显提升 。产业结构不断优化，创新能力大幅增强，实体经济规模壮大，财政税收稳步增长，经济总量迈上新台阶。 —— 文化软实力显著增强 。社会主义核心价值观深入践行，历史文化保护传承取得新进展，文化产业壮大繁荣，城市品味、,https://www.tjjz.gov.cn/zwgk/ZFGZBG_20201207/202101/t20210121_5331746.html
2021,天津市蓟州区2021年政府工作报告_政府工作报告__天津市蓟州区人民政府,京津,,兴深入实施，公共服务水平大幅提升，多层次社会保障体系更加健全，民生改善与经济发展同步推进。 “ 十四五 ” 时期全区经济社会发展重点任务是 ： 1 、打造 “ 三地一城 ” ，深度融入京津冀 。加快津承高铁、京平轨道东延规划建设，探索推进北京公交直通蓟州，融入京津一小时生活圈、半小时通勤圈。建强经济开发区等承接载体，积极承接央企国企及分支机构、科研教育及医疗服务等功能疏解，打造非首都功能特色承接地。实施 “ 引热入京 ” 工程，推动更多绿色农品进京，保障天津优质水源供应，打造京津城市服务保障基地。做优国家全域旅游示范区,https://www.tjjz.gov.cn/zwgk/ZFGZBG_20201207/202101/t20210121_5331746.html
2021,天津市蓟州区2021年政府工作报告_政府工作报告__天津市蓟州区人民政府,京津,,规划建设，探索推进北京公交直通蓟州，融入京津一小时生活圈、半小时通勤圈。建强经济开发区等承接载体，积极承接央企国企及分支机构、科研教育及医疗服务等功能疏解，打造非首都功能特色承接地。实施 “ 引热入京 ” 工程，推动更多绿色农品进京，保障天津优质水源供应，打造京津城市服务保障基地。做优国家全域旅游示范区，创建国家文化和旅游消费试点城市，推进智慧旅游全覆盖，打造国家休闲度假目的地，旅游收入在 2020 年基础上翻一番。构建 “ 一核两带三区 ” 发展格局，打造宜居的山水文化名城。 2 、培育生态经济，厚植高质量发展根基 ,https://www.tjjz.gov.cn/zwgk/ZFGZBG_20201207/202101/t20210121_5331746.html
2021,天津市蓟州区2021年政府工作报告_政府工作报告__天津市蓟州区人民政府,京津,,环境整治示范村 80 个、中国美丽休闲乡村 7 个。健全城乡协调发展体制机制，推动城乡要素有序流动，实现巩固拓展脱贫攻坚成果同乡村振兴有效衔接。 6 、坚持共享发展，提升群众生活品质 。扩大就业规模，提升就业质量，拓宽城乡居民增收渠道。建设高质量教育体系，引进京津优质教育资源，打造特色教育品牌，优化各级各类教育，创建学习型城市。健全分层分类的社会救助体系，优化帮扶残疾人等社会福利制度，依法保障退役军人、妇女儿童合法权益。推进健康蓟州建设，深化医药卫生体制改革，构建区域公共卫生体系，创建国家卫生区。统筹城乡养老服务，有效,https://www.tjjz.gov.cn/zwgk/ZFGZBG_20201207/202101/t20210121_5331746.html
2021,天津市蓟州区2021年政府工作报告_政府工作报告__天津市蓟州区人民政府,京津,,、口袋花园。加快建设农民住宅小区，完成 500 户农村危房改造。精心实施饮水提质增效工程，提级改造乡村公路 50 公里。接续推进农村人居环境整治，健全村庄环境长效管护机制，再创建一批人居环境示范村。 （三）提升产业能级，夯实高质量发展底盘 推动旅游提质 。瞄准京津都市游客需求，促进全产业链上档升级，加快建设国家休闲度假目的地。借势长城 5A 级景区创建，推动重点景区业态更新，启动无障碍旅游区建设。深化农旅融合，新发展 一批 高端民宿，创建下营、官庄 2 个市级全域旅游示范镇。深化商旅融合，完善渔阳古街业态布局，开发一批,https://www.tjjz.gov.cn/zwgk/ZFGZBG_20201207/202101/t20210121_5331746.html
2021,天津市蓟州区2021年政府工作报告_政府工作报告__天津市蓟州区人民政府,京津,,部地区。 3 、引热入京 ：与京能集团合作，利用蓟州区两 个 发电厂的热力资源，保障北京地区供热。 4 、 1001 工程 ： 天津市电网提升改造工程， 到建党 100 周年时 ， 初步建成世界一流 电力 能源互联网。 5 、三地一城 ：非首都功能特色承接地，京津城市服务保障基地，国家休闲度假目的地，宜居的山水文化名城。 6 、双安双创 ：创建国家食品安全示范城市、国家农产品质量安全区。 7 、津农精品 ： 天津 市农业品牌化建设 工程 ，致力于打造国际有名、国内知名农业品牌。 8 、首店经济 ： 依托 区域特有资源优,https://www.tjjz.gov.cn/zwgk/ZFGZBG_20201207/202101/t20210121_5331746.html
2021,天津市蓟州区2021年政府工作报告_政府工作报告__天津市蓟州区人民政府,京津冀,,景目标和 “ 十四五 ” 时期目标任务 区委一届十二次全会明确指出：到 2035 年，基本建成社会主义现代化新蓟州，努力成为 “ 非首都功能特色承接地 ”“ 京津城市服务保障基地 ”“ 国家休闲度假目的地 ”“ 宜居的山水文化名城 ” 。展望二 〇 三五年，以京津冀协同发展为引领，加快承接北京非首都功能疏解， “ 绿水青山 ” 高水平转化为 “ 金山银山 ” ，经济总量和城乡居民人均收入迈上新台阶；生态环境进一步优化，京津冀 “ 绿心 ” 作用充分彰显；城乡发展融合协调，公共服务与基础设施实现均衡覆盖；乡村全面振兴，成为,https://www.tjjz.gov.cn/zwgk/ZFGZBG_20201207/202101/t20210121_5331746.html
2021,天津市蓟州区2021年政府工作报告_政府工作报告__天津市蓟州区人民政府,京津冀,,城市服务保障基地 ”“ 国家休闲度假目的地 ”“ 宜居的山水文化名城 ” 。展望二 〇 三五年，以京津冀协同发展为引领，加快承接北京非首都功能疏解， “ 绿水青山 ” 高水平转化为 “ 金山银山 ” ，经济总量和城乡居民人均收入迈上新台阶；生态环境进一步优化，京津冀 “ 绿心 ” 作用充分彰显；城乡发展融合协调，公共服务与基础设施实现均衡覆盖；乡村全面振兴，成为宜居家园；文化保护传承与发展有机融合， “ 千年古县 ” 焕发新的活力；社会和谐稳定，人民美好生活新期待不断实现。 今后五年，是乘势而上开启全面建设社会主义现代化,https://www.tjjz.gov.cn/zwgk/ZFGZBG_20201207/202101/t20210121_5331746.html
2021,天津市蓟州区2021年政府工作报告_政府工作报告__天津市蓟州区人民政府,游客,10%, 。坚持以供给侧结构性改革为主线，提速产业转型步伐，发展活力有效释放。 全域旅游提质升级 。盘山等传统景区焕发新活力，蓟州溶洞、吉姆冒险世界等民营景区成为网红打卡地，西井峪、小穿、郭家沟等 12 个村入选全国乡村旅游重点村名录，成功创建首批国家全域旅游示范区，游客数量和旅游收入年均增长 10% 以上。 商贸经济蓬勃发展 。州河湾商圈业态进一步优化，创业金街等夜经济示范街区效益凸显。完成 10 个示范化集贸市场改造，建成农村电商服务站 100 个，城乡便民消费网络日益健全。 现代农业稳中有进 。新增高标准农田 16.23,https://www.tjjz.gov.cn/zwgk/ZFGZBG_20201207/202101/t20210121_5331746.html
2021,天津市蓟州区2021年政府工作报告_政府工作报告__天津市蓟州区人民政府,游客,,园。加快建设农民住宅小区，完成 500 户农村危房改造。精心实施饮水提质增效工程，提级改造乡村公路 50 公里。接续推进农村人居环境整治，健全村庄环境长效管护机制，再创建一批人居环境示范村。 （三）提升产业能级，夯实高质量发展底盘 推动旅游提质 。瞄准京津都市游客需求，促进全产业链上档升级，加快建设国家休闲度假目的地。借势长城 5A 级景区创建，推动重点景区业态更新，启动无障碍旅游区建设。深化农旅融合，新发展 一批 高端民宿，创建下营、官庄 2 个市级全域旅游示范镇。深化商旅融合，完善渔阳古街业态布局，开发一批夜间旅游,https://www.tjjz.gov.cn/zwgk/ZFGZBG_20201207/202101/t20210121_5331746.html
2021,天津市蓟州区2021年政府工作报告_政府工作报告__天津市蓟州区人民政府,北京市场,,。塘承高速、京秦高速蓟州段全线贯通，搭建起 “ 两横两纵 ” 高速路网框架。津围北二线、邦喜二线、仓桑路西延、侯玉公路建成通车。京哈铁路蓟州站开通运行，正式步入动车时代，加速融入首都半小时通勤圈。 服务保障能力不断提升 。启动蓟州农品进京工程，绿色优质农品直供北京市场。国内最长的跨区域大管径输热管线工程 ——“ 蓟宝热电 ” 项目正式运营，为 “ 引热入京 ” 工程实施探索出成功经验。 联动协作能力不断提升 。深化周边地区务实合作，生态共建、旅游互动、公共服务、疫情防控高效协同。倾力开展东西部扶贫协作和支援合作，甘肃省武威,https://www.tjjz.gov.cn/zwgk/ZFGZBG_20201207/202101/t20210121_5331746.html
2021,蓟州区2021年推进实施乡村振兴战略进展情况_农业农村委_政务公开,京津,, 一是，做足 “ 产业 ” 文章 。认真落实藏粮于地、藏粮于技战略，抓牢 “ 米袋子 ” ，加强高标准农田建设，大力推广优新品种和高产技术，提高粮食综合生产能力。拎紧 “ 菜篮子 ” ，种植特色蔬菜 6 万亩。筹建国内首家 “ 食品消费安全产业基地 ” ，打造京津绿色食品供应基地。 二是，做足 “ 富民 ” 文章 。坚持政策带动，瞄准 “ 五增五提升 ”“ 三美村庄 ” 建设标准，扎实开展 331 个经济薄弱村扶持、 22 个乡村振兴示范村创建。坚持旅游驱动，深入实施农家院提升改造三年行动，帮助农民致富。坚持联农带农，,https://www.tjjz.gov.cn/zwgk/zcwj/qjwj/qjjg/nyncw2/202203/t20220314_5828417.html
2021,蓟州区生态环境保护委员会办公室关于印发天津市蓟州区2021年度生态文明建设工作计划的通知_生态环境局_政务公开,京津,,能源汽车及零部件、锂离子电池、风力发电等研发、生产的优质项目，初步形成与全区经济社会发展相适应的安全、稳定、经济、清洁的新能源体系。（ 责任部门：区工业和信息化局、州河产业园管委会按职责分工负责 ） 3. 打造生态服务产业。打造旅游产业聚集区，塑造“山水之城、京津花园”品牌形象。建设文化体验和商务旅游区，以鼓楼广场为中心，向西保护古城风貌，打造武定旅游文化商品街、长城路特色 商业街；逐步恢复西门瓮城、城墙、关帝庙、城隍庙等历史古迹。向东突出休闲城市功能，以商贸街、文昌街、中昌路为重点，建设购物、游憩、休闲、娱乐特色街区,https://www.tjjz.gov.cn/zwgk/zcwj/qjwj/qjjg/sthjj2/202402/t20240228_6546696.html
2022,关于印发《天津市蓟州区文化和旅游发展“十四五”规划》的通知_文化和旅游局_政务公开,天津,,关于印发《天津市蓟州区文化和旅游发展“十四五”规划》的通知_文化和旅游局_政务公开 天津市蓟州区人民政府 2019年12月3日星期二 无障碍 无障碍 简体 | 繁体 长者模式 长者模式 政务公开 > 政策文件 > 区级文件 > 文化和旅游局 名 称 ： 关于印发《天津市蓟州,https://www.tjjz.gov.cn/zwgk/zcwj/qjwj/qjjg/whhlyj2/202202/t20220211_5802183.html
2022,关于印发《天津市蓟州区文化和旅游发展“十四五”规划》的通知_文化和旅游局_政务公开,天津,,关于印发《天津市蓟州区文化和旅游发展“十四五”规划》的通知_文化和旅游局_政务公开 天津市蓟州区人民政府 2019年12月3日星期二 无障碍 无障碍 简体 | 繁体 长者模式 长者模式 政务公开 > 政策文件 > 区级文件 > 文化和旅游局 名 称 ： 关于印发《天津市蓟州区文化和旅游发展“十四五”规划》的通知 索 引 号 ： 11120225M,https://www.tjjz.gov.cn/zwgk/zcwj/qjwj/qjjg/whhlyj2/202202/t20220211_5802183.html
2022,关于印发《天津市蓟州区文化和旅游发展“十四五”规划》的通知_文化和旅游局_政务公开,天津,,印发《天津市蓟州区文化和旅游发展“十四五”规划》的通知_文化和旅游局_政务公开 天津市蓟州区人民政府 2019年12月3日星期二 无障碍 无障碍 简体 | 繁体 长者模式 长者模式 政务公开 > 政策文件 > 区级文件 > 文化和旅游局 名 称 ： 关于印发《天津市蓟州区文化和旅游发展“十四五”规划》的通知 索 引 号 ： 11120225MB1937524K/2022-00005 发 布 机 构 ： 天津市蓟州区文化和旅游局 发 文 字 号 ： 蓟文旅发【2021】29号 主 题 ： 文化旅游\文化;文化旅游\旅游 ,https://www.tjjz.gov.cn/zwgk/zcwj/qjwj/qjjg/whhlyj2/202202/t20220211_5802183.html
2022,关于印发《天津市蓟州区文化和旅游发展“十四五”规划》的通知_文化和旅游局_政务公开,天津,,简体 | 繁体 长者模式 长者模式 政务公开 > 政策文件 > 区级文件 > 文化和旅游局 名 称 ： 关于印发《天津市蓟州区文化和旅游发展“十四五”规划》的通知 索 引 号 ： 11120225MB1937524K/2022-00005 发 布 机 构 ： 天津市蓟州区文化和旅游局 发 文 字 号 ： 蓟文旅发【2021】29号 主 题 ： 文化旅游\文化;文化旅游\旅游 成 文 日 期 ： 发 文 日 期 ： 有 效 性 ： 有效 关于印发 《 天津市蓟州区文化和旅游发展 “十四五”规划 》的通知 各委办局、镇乡街,https://www.tjjz.gov.cn/zwgk/zcwj/qjwj/qjjg/whhlyj2/202202/t20220211_5802183.html
2022,关于印发《天津市蓟州区文化和旅游发展“十四五”规划》的通知_文化和旅游局_政务公开,天津,,5MB1937524K/2022-00005 发 布 机 构 ： 天津市蓟州区文化和旅游局 发 文 字 号 ： 蓟文旅发【2021】29号 主 题 ： 文化旅游\文化;文化旅游\旅游 成 文 日 期 ： 发 文 日 期 ： 有 效 性 ： 有效 关于印发 《 天津市蓟州区文化和旅游发展 “十四五”规划 》的通知 各委办局、镇乡街： 《天津市蓟州区文化和旅游发展 “十四五”规划》已经区政府常务会议审议通过，现印发给你们，请结合各自工作实际，认真贯彻落实。 天津市蓟州区文化和旅游局 2021年11月18日 （此件主动公开）,https://www.tjjz.gov.cn/zwgk/zcwj/qjwj/qjjg/whhlyj2/202202/t20220211_5802183.html
2022,关于印发《天津市蓟州区文化和旅游发展“十四五”规划》的通知_文化和旅游局_政务公开,天津,,区文化和旅游局 发 文 字 号 ： 蓟文旅发【2021】29号 主 题 ： 文化旅游\文化;文化旅游\旅游 成 文 日 期 ： 发 文 日 期 ： 有 效 性 ： 有效 关于印发 《 天津市蓟州区文化和旅游发展 “十四五”规划 》的通知 各委办局、镇乡街： 《天津市蓟州区文化和旅游发展 “十四五”规划》已经区政府常务会议审议通过，现印发给你们，请结合各自工作实际，认真贯彻落实。 天津市蓟州区文化和旅游局 2021年11月18日 （此件主动公开） 附件： 天津市蓟州区文化和旅游发展“十四五”规划.doc | 政策解读 图,https://www.tjjz.gov.cn/zwgk/zcwj/qjwj/qjjg/whhlyj2/202202/t20220211_5802183.html
2022,关于印发《天津市蓟州区文化和旅游发展“十四五”规划》的通知_文化和旅游局_政务公开,天津,, ： 发 文 日 期 ： 有 效 性 ： 有效 关于印发 《 天津市蓟州区文化和旅游发展 “十四五”规划 》的通知 各委办局、镇乡街： 《天津市蓟州区文化和旅游发展 “十四五”规划》已经区政府常务会议审议通过，现印发给你们，请结合各自工作实际，认真贯彻落实。 天津市蓟州区文化和旅游局 2021年11月18日 （此件主动公开） 附件： 天津市蓟州区文化和旅游发展“十四五”规划.doc | 政策解读 图解：天津市蓟州区文化和旅游发展“十四五”规划 | 相关政策 | 相关报道 网站地图 | 联系我们 | 法律声明 | 使用帮,https://www.tjjz.gov.cn/zwgk/zcwj/qjwj/qjjg/whhlyj2/202202/t20220211_5802183.html
2022,关于印发《天津市蓟州区文化和旅游发展“十四五”规划》的通知_文化和旅游局_政务公开,天津,,化和旅游发展 “十四五”规划 》的通知 各委办局、镇乡街： 《天津市蓟州区文化和旅游发展 “十四五”规划》已经区政府常务会议审议通过，现印发给你们，请结合各自工作实际，认真贯彻落实。 天津市蓟州区文化和旅游局 2021年11月18日 （此件主动公开） 附件： 天津市蓟州区文化和旅游发展“十四五”规划.doc | 政策解读 图解：天津市蓟州区文化和旅游发展“十四五”规划 | 相关政策 | 相关报道 网站地图 | 联系我们 | 法律声明 | 使用帮助 主办：天津市蓟州区人民政府 版权所有© 网站标识码:1202250001,https://www.tjjz.gov.cn/zwgk/zcwj/qjwj/qjjg/whhlyj2/202202/t20220211_5802183.html
2022,关于印发《天津市蓟州区文化和旅游发展“十四五”规划》的通知_文化和旅游局_政务公开,天津,,州区文化和旅游发展 “十四五”规划》已经区政府常务会议审议通过，现印发给你们，请结合各自工作实际，认真贯彻落实。 天津市蓟州区文化和旅游局 2021年11月18日 （此件主动公开） 附件： 天津市蓟州区文化和旅游发展“十四五”规划.doc | 政策解读 图解：天津市蓟州区文化和旅游发展“十四五”规划 | 相关政策 | 相关报道 网站地图 | 联系我们 | 法律声明 | 使用帮助 主办：天津市蓟州区人民政府 版权所有© 网站标识码:1202250001 津ICP备17006421号 津公网安备12022502000073,https://www.tjjz.gov.cn/zwgk/zcwj/qjwj/qjjg/whhlyj2/202202/t20220211_5802183.html
2022,关于印发《天津市蓟州区文化和旅游发展“十四五”规划》的通知_文化和旅游局_政务公开,天津,,化和旅游局 2021年11月18日 （此件主动公开） 附件： 天津市蓟州区文化和旅游发展“十四五”规划.doc | 政策解读 图解：天津市蓟州区文化和旅游发展“十四五”规划 | 相关政策 | 相关报道 网站地图 | 联系我们 | 法律声明 | 使用帮助 主办：天津市蓟州区人民政府 版权所有© 网站标识码:1202250001 津ICP备17006421号 津公网安备12022502000073号 系统检测到您正在使用ie11以下内核的浏览器，不能实现完美体验，请更换或升级浏览器访问！ 网站地图 | 联系我们 | 法律声,https://www.tjjz.gov.cn/zwgk/zcwj/qjwj/qjjg/whhlyj2/202202/t20220211_5802183.html
2022,关于印发蓟州区2022年优化营商环境责任清单的通知_政务服务办_政务公开,天津,,（区版权局）、农业农村委、文化和旅游局、公安蓟州分局、蓟州海关等区级有关单位 72 推动完善医药等领域的侵权假冒快速处理机制，对药品、疫苗、消毒液等抗疫防护重点用品组织专项检查，从严打击知识产权违法行为。 区市场监管局 区级有关单位 73 鼓励推动企业到中国（天津）知识产权保护中心进行快速预审、快速确权、快速维权。 区市场监管局 区级有关单位 74 加大商标专利培育、运用和保护力度，拓宽知识产权价值实现渠道，促进“知产”变“资产”，深入推进知识产权强区建设。 区市场监管局 区金融局等区级有关单位 75 19. 提高合同,https://www.tjjz.gov.cn/zwgk/zcwj/qjwj/qjjg/zwfwb2/202204/t20220412_5854110.html
2022,关于印发蓟州区2022年优化营商环境责任清单的通知_政务服务办_政务公开,天津,, 22. 提高公共服务群众满意度 深入推进公共文化服务标准化建设，按照市文化和旅游局评估实施细则，开展全区公共文化服务体系建设评估验收工作。 区文化和旅游局 区委宣传部、总工会、团区委、妇联、财政局、体育局、人防办、教育局、科技局、融媒体中心、各乡镇（街道）、天津广播电视网络有限公司等区级有关部门 91 提供便捷公共文化智慧服务，推进落实文化和旅游部智慧图书馆和公共文化云建设工程。 区文化和旅游局 区财政局、各乡镇（街道） 92 完善乡镇、村居综合文化服务中心设施功能，推动文化资源向基层和农村倾斜。 区文化和旅游局 各,https://www.tjjz.gov.cn/zwgk/zcwj/qjwj/qjjg/zwfwb2/202204/t20220412_5854110.html
2022,关于印发蓟州区2022年优化营商环境责任清单的通知_政务服务办_政务公开,京津,,要会展活动平台，共同组织策划招商推介活动。 区商务局 区卫生健康委、合作交流办、文化和旅游局、工业与信息化局、城投公司等区级有关单位 59 积极参与“一带一路”综合试验区、跨境经济合作区、中哈物流基地等“一带一路”开放平台建设。 区商务局 蓟州海关 60 紧盯京津冀、长三角、珠三角等产业发达区域，以蓟州新城、经济开发区等为载体，大力开展重点产业、重点企业等招商。 区合作交流办 开发区管委会 、新城公司等区级有关单位 61 加快 B 类保税物流中心海关特殊监管发展，为“一带一路”建设营造更加便捷高效的通关环境。 区商务局,https://www.tjjz.gov.cn/zwgk/zcwj/qjwj/qjjg/zwfwb2/202204/t20220412_5854110.html
2022,关于印发蓟州区2022年优化营商环境责任清单的通知_政务服务办_政务公开,京津冀,,要会展活动平台，共同组织策划招商推介活动。 区商务局 区卫生健康委、合作交流办、文化和旅游局、工业与信息化局、城投公司等区级有关单位 59 积极参与“一带一路”综合试验区、跨境经济合作区、中哈物流基地等“一带一路”开放平台建设。 区商务局 蓟州海关 60 紧盯京津冀、长三角、珠三角等产业发达区域，以蓟州新城、经济开发区等为载体，大力开展重点产业、重点企业等招商。 区合作交流办 开发区管委会 、新城公司等区级有关单位 61 加快 B 类保税物流中心海关特殊监管发展，为“一带一路”建设营造更加便捷高效的通关环境。 区商务局 ,https://www.tjjz.gov.cn/zwgk/zcwj/qjwj/qjjg/zwfwb2/202204/t20220412_5854110.html
2022,图解：天津市蓟州区文化和旅游发展“十四五”规划_政策图解__天津市蓟州区人民政府,天津,,图解：天津市蓟州区文化和旅游发展“十四五”规划_政策图解__天津市蓟州区人民政府 2020 年 05 月 24 日 星期 日 中文域名：天津市蓟州区人民政府办公室.政务 简体 | 繁体 无障碍 无障碍 长者模式 长者模式 关爱版 首页 走进蓟州 新闻中心 政务公开 政务,https://www.tjjz.gov.cn/zwgk/ZCJD_20201127/tj/202202/t20220215_5804272.html
2022,图解：天津市蓟州区文化和旅游发展“十四五”规划_政策图解__天津市蓟州区人民政府,天津,,图解：天津市蓟州区文化和旅游发展“十四五”规划_政策图解__天津市蓟州区人民政府 2020 年 05 月 24 日 星期 日 中文域名：天津市蓟州区人民政府办公室.政务 简体 | 繁体 无障碍 无障碍 长者模式 长者模式 关爱版 首页 走进蓟州 新闻中心 政务公开 政务服务 政民互动 专题专栏 当前位置： 图解：天津市蓟州,https://www.tjjz.gov.cn/zwgk/ZCJD_20201127/tj/202202/t20220215_5804272.html
2022,图解：天津市蓟州区文化和旅游发展“十四五”规划_政策图解__天津市蓟州区人民政府,天津,,图解：天津市蓟州区文化和旅游发展“十四五”规划_政策图解__天津市蓟州区人民政府 2020 年 05 月 24 日 星期 日 中文域名：天津市蓟州区人民政府办公室.政务 简体 | 繁体 无障碍 无障碍 长者模式 长者模式 关爱版 首页 走进蓟州 新闻中心 政务公开 政务服务 政民互动 专题专栏 当前位置： 图解：天津市蓟州区文化和旅游发展“十四五”规划 来源：天津市蓟州区文化和旅游局 发布时间：2,https://www.tjjz.gov.cn/zwgk/ZCJD_20201127/tj/202202/t20220215_5804272.html
2022,图解：天津市蓟州区文化和旅游发展“十四五”规划_政策图解__天津市蓟州区人民政府,天津,,解__天津市蓟州区人民政府 2020 年 05 月 24 日 星期 日 中文域名：天津市蓟州区人民政府办公室.政务 简体 | 繁体 无障碍 无障碍 长者模式 长者模式 关爱版 首页 走进蓟州 新闻中心 政务公开 政务服务 政民互动 专题专栏 当前位置： 图解：天津市蓟州区文化和旅游发展“十四五”规划 来源：天津市蓟州区文化和旅游局 发布时间：2021-11-18 09:41 政策原文: 关于印发《天津市蓟州区文化和旅游发展“十四五”规划》的通知 附件： 分享到： + 分享到： QQ空间 豆瓣网 【关闭页面】 市政府部门,https://www.tjjz.gov.cn/zwgk/ZCJD_20201127/tj/202202/t20220215_5804272.html
2022,图解：天津市蓟州区文化和旅游发展“十四五”规划_政策图解__天津市蓟州区人民政府,天津,,月 24 日 星期 日 中文域名：天津市蓟州区人民政府办公室.政务 简体 | 繁体 无障碍 无障碍 长者模式 长者模式 关爱版 首页 走进蓟州 新闻中心 政务公开 政务服务 政民互动 专题专栏 当前位置： 图解：天津市蓟州区文化和旅游发展“十四五”规划 来源：天津市蓟州区文化和旅游局 发布时间：2021-11-18 09:41 政策原文: 关于印发《天津市蓟州区文化和旅游发展“十四五”规划》的通知 附件： 分享到： + 分享到： QQ空间 豆瓣网 【关闭页面】 市政府部门网站 市国动办 市发展改革委 市民族宗教委 市工,https://www.tjjz.gov.cn/zwgk/ZCJD_20201127/tj/202202/t20220215_5804272.html
2022,图解：天津市蓟州区文化和旅游发展“十四五”规划_政策图解__天津市蓟州区人民政府,天津,,无障碍 长者模式 长者模式 关爱版 首页 走进蓟州 新闻中心 政务公开 政务服务 政民互动 专题专栏 当前位置： 图解：天津市蓟州区文化和旅游发展“十四五”规划 来源：天津市蓟州区文化和旅游局 发布时间：2021-11-18 09:41 政策原文: 关于印发《天津市蓟州区文化和旅游发展“十四五”规划》的通知 附件： 分享到： + 分享到： QQ空间 豆瓣网 【关闭页面】 市政府部门网站 市国动办 市发展改革委 市民族宗教委 市工业和信息化局 市科技局 市教委 市司法局 市民政局 市公安局 市规划和自然资源局 市人社局 ,https://www.tjjz.gov.cn/zwgk/ZCJD_20201127/tj/202202/t20220215_5804272.html
2022,天津市蓟州区2022年政府工作报告_政府工作报告__天津市蓟州区人民政府,北京,"25%,10%",，为京津提供更多生态产品。 要 高标准建设国家休闲度假目的地。优化全域旅游规划布局，实施全区域共建、全要素配置、全链条发展，培育 2-3 个平原旅游重点镇、 3 个全国乡村旅游重点村。推动旅游发展方式变革，打造高端化、多元化文旅休闲度假胜地。到 2026 年，北京游客数量占比达到 25% 以上，全区旅游综合收入增长 10% 。 要 高标准建设宜居的山水文化名城。深化山、水、城要素融合，打通良好视线廊道，实施全域环境整治提升，打造有颜值、有品位、有内涵的魅力城市。加强文化遗产保护利用，创建一批历史文化名镇名村。推动生态产,https://www.tjjz.gov.cn/zwgk/ZFGZBG_20201207/202112/t20211227_5762428.html
2022,天津市蓟州区2022年政府工作报告_政府工作报告__天津市蓟州区人民政府,北京,,发展稳定各项工作实现新突破。我们 必须 强化专班推动，围绕关键领域，组建招商引资、项目推动、文旅融合、乡村振兴四大专班，坚持项目化、清单化、责任化、品牌化推进，用数字说话、拿结果证明。我们 必须 夯实生态本底，拓展绿色空间，深入打好污染防治攻坚战，全力打造环绕北京东部的生态环境保护圈。我们 必须 保障改善民生，精心办好以民心工程为基础的惠民实事，让人民群众的获得感成色更足、幸福感更可持续、安全感更有保障。 三、 2022 年重点工作 2022 年是实施 “ 十四五 ” 规划的攻坚之年，是新一届政府履职的开局之年。我们要,https://www.tjjz.gov.cn/zwgk/ZFGZBG_20201207/202112/t20211227_5762428.html
2022,天津市蓟州区2022年政府工作报告_政府工作报告__天津市蓟州区人民政府,北京,41%,扩大旅游消费。培育旅游消费新模式，打造 1 个国家级旅游休闲街区。增强核心景区、民营景区吸引力，发展智慧旅游 ，建设 4 个无障碍旅游区 ，实现景区环境品质化。瞄准都市游客需求，开发 亲子游、度假游、研学游新型业态 ，加快推动生态动物园等重点旅游项目 。 借势北京冬奥会，谋划高水平冬季旅游项目 。 上线“云尚蓟州”平台， 携手知名旅游营销公司，全方位拓展旅游消费市场。全年实现旅游综合收入 155 亿元，同比增长 41% 。 深化文旅融合。依托红色文化、山水文化、乡土文化， 包装策划有市场影响力的文旅融合项目 。结合村庄,https://www.tjjz.gov.cn/zwgk/ZFGZBG_20201207/202112/t20211227_5762428.html
2022,天津市蓟州区2022年政府工作报告_政府工作报告__天津市蓟州区人民政府,北京,,，加快空间治理由指标管控向质量管控、功能管控转变。发展壮大杨津庄牡丹等产业规模，增强吸附带动能力， 因地制宜打造一批特色片区。 完善城市载体。统筹实施交通路网建设，科学布局通航产业、低空旅游、无人机物流等场景应用，构建路空一体的综合交通体系。协调推动津承城际、北京轨道交通平谷线东延、通武 — 京抚连接线前期工作，加快推进仓桑公路东延、马营公路西延。新建 5G 基站 165 个，改造配电台区 170 座、线路 220 公里。完善 11 个老旧小区硬件设施 ，建设 2 个便民游园。 实施城区市政供水管网改造，增强供水保障能,https://www.tjjz.gov.cn/zwgk/ZFGZBG_20201207/202112/t20211227_5762428.html
2022,天津市蓟州区2022年政府工作报告_政府工作报告__天津市蓟州区人民政府,天津,,资源。 要 高标准建设京津城市服务保障基地。谋划实施 “ 引热入京 ” 工程，为首都提供安全稳定热能。做大做强 “ 蓟州农品 ” 品牌，完善农产品产供销体系，推动更多绿色农品进京。坚决遏制耕地 “ 非农化 ” 、防止 “ 非粮化 ” ，稳定粮食种植规模。推动 天津市 北部山区生态保护 PPP 项目和于桥水库 TOT 项目高效运营，保障天津市民饮用水源安全，为京津提供更多生态产品。 要 高标准建设国家休闲度假目的地。优化全域旅游规划布局，实施全区域共建、全要素配置、全链条发展，培育 2-3 个平原旅游重点镇、 3 个全国,https://www.tjjz.gov.cn/zwgk/ZFGZBG_20201207/202112/t20211227_5762428.html
2022,天津市蓟州区2022年政府工作报告_政府工作报告__天津市蓟州区人民政府,天津,,，为首都提供安全稳定热能。做大做强 “ 蓟州农品 ” 品牌，完善农产品产供销体系，推动更多绿色农品进京。坚决遏制耕地 “ 非农化 ” 、防止 “ 非粮化 ” ，稳定粮食种植规模。推动 天津市 北部山区生态保护 PPP 项目和于桥水库 TOT 项目高效运营，保障天津市民饮用水源安全，为京津提供更多生态产品。 要 高标准建设国家休闲度假目的地。优化全域旅游规划布局，实施全区域共建、全要素配置、全链条发展，培育 2-3 个平原旅游重点镇、 3 个全国乡村旅游重点村。推动旅游发展方式变革，打造高端化、多元化文旅休闲度假胜地。到,https://www.tjjz.gov.cn/zwgk/ZFGZBG_20201207/202112/t20211227_5762428.html
2022,天津市蓟州区2022年政府工作报告_政府工作报告__天津市蓟州区人民政府,天津,,，盘活闲置民宅，精品民宿村达到 13 个，全区精品民宿发展到 220 家以上。坚持规范化管理，引导传统农家院转型升级。提速长城国家文化公园建设，积极创建 5A 级景区。开发 10 条精品旅游线路，有机串联景区游、乡村游，形成融合发展新格局。 优化商贸业态。抓住天津市培育国际消费中心城市机遇，推动商贸企业提质升级。拓展商业综合体服务功能，优化州河湾、万达广场品牌结构，满足居民消费需求。拓宽夜间经济示范街区业态，打造消费热点，点亮城市夜生活。科学布局城乡市场，完善农村消费网络，建成迎宾路菜市场。做大果品、蔬菜两大批发市场规,https://www.tjjz.gov.cn/zwgk/ZFGZBG_20201207/202112/t20211227_5762428.html
2022,天津市蓟州区2022年政府工作报告_政府工作报告__天津市蓟州区人民政府,河北,, 市交通运输委 市退役军人事务局 市卫生健康委 市文化和旅游局 市市场监管委 市外办 市审计局 市应急局 市医保局 市统计局 市体育局 市国资委 市信访办 市机关事务管理局 市金融局 市政务服务办 市消防救援总队 市知识产权局 市粮食和物资储备局 区政府网站 河北区 和平区 滨海新区 红桥区 南开区 河东区 河西区 津南区 西青区 东丽区 静海区 宝坻区 武清区 北辰区 宁河区 有关单位 市高法 市政协 市人大 市残联 市妇联 市地震局 市检察院 天津日报 人民网天津频道 中国文明网 北方网 天津电视台 今晚报 网站地,https://www.tjjz.gov.cn/zwgk/ZFGZBG_20201207/202112/t20211227_5762428.html
2022,天津市蓟州区2022年政府工作报告_政府工作报告__天津市蓟州区人民政府,京津,,计签约北京地区重点项目 220 个。加快构建互联互通路网格局，京哈铁路蓟州站开通运行，津围北二线、邦喜二线、仓桑路西延、侯玉公路相继建成通车。不断深化周边区域务实合作，生态共建、应急联动、公共服务高效协同， “ 蓟宝热电 ” 投入运行， “ 蓟州农品 ” 直供京津市场，京东休闲旅游示范区实现 8 条线路互推、资源共享。东西部扶贫协作和支援合作成果丰硕，助力古浪县、天祝县如期脱贫摘帽。 —— 五年来， 我们深入践行习近平生态文明思想，守护绿水青山，建设美丽家园，生态宜居特色更加鲜明 。成功创建全国 “ 绿水青山就是金山银,https://www.tjjz.gov.cn/zwgk/ZFGZBG_20201207/202112/t20211227_5762428.html
2022,天津市蓟州区2022年政府工作报告_政府工作报告__天津市蓟州区人民政府,京津,,” ，深入贯彻落实党中央和市委、区委决策部署，统筹推进 “ 五位一体 ” 总体布局和 “ 四个全面 ” 战略布局，坚持稳中求进工作总基调，完整准确全面贯彻新发展理念，以推进高质量发展为主题，以改革创新为根本动力，以满足人民日益增长的美好生活需要为根本目的，抢抓京津冀协同发展重大机遇，以乡村振兴、休闲消费、科技创新为切入点，融入新发展格局，聚焦 “ 三地一城 ” 功能定位，奋力建设生态优先绿色发展典范城市。 我们要坚持发展第一要务，引项目兴产业，充分激发经济发展的新活力新动能。我们要 坚持问题导向，治顽瘴除痼疾，积极应对,https://www.tjjz.gov.cn/zwgk/ZFGZBG_20201207/202112/t20211227_5762428.html
2022,天津市蓟州区2022年政府工作报告_政府工作报告__天津市蓟州区人民政府,京津,,到 2026 年，生态产品供给更加丰富，环境综合指数保持全市领先位置，生态环境质量保持全国前列。 要 全力提升经济发展质量效益。大力发展绿色经济、低碳产业，探索推进以 “ 双碳 ” 战略为引领的产业体系重构，谋划创建 “ 一带一路 ” 绿色产业先导示范区。抓牢京津冀协同发展机遇，引入实施一批高质高端高新产业项目。加快新动能引育，推动产业链条延伸、转型提质、深度融合，战略性新兴产业占比提高 5 个百分点。强化消费驱动，建设古城、新城、大盘山三大活力商圈，引育一批知名电商平台和限上商贸标杆企业，深入推进国家文化和旅游消费试,https://www.tjjz.gov.cn/zwgk/ZFGZBG_20201207/202112/t20211227_5762428.html
2022,天津市蓟州区2022年政府工作报告_政府工作报告__天津市蓟州区人民政府,京津,,。做大做强 “ 蓟州农品 ” 品牌，完善农产品产供销体系，推动更多绿色农品进京。坚决遏制耕地 “ 非农化 ” 、防止 “ 非粮化 ” ，稳定粮食种植规模。推动 天津市 北部山区生态保护 PPP 项目和于桥水库 TOT 项目高效运营，保障天津市民饮用水源安全，为京津提供更多生态产品。 要 高标准建设国家休闲度假目的地。优化全域旅游规划布局，实施全区域共建、全要素配置、全链条发展，培育 2-3 个平原旅游重点镇、 3 个全国乡村旅游重点村。推动旅游发展方式变革，打造高端化、多元化文旅休闲度假胜地。到 2026 年，北京游客,https://www.tjjz.gov.cn/zwgk/ZFGZBG_20201207/202112/t20211227_5762428.html
2022,天津市蓟州区2022年政府工作报告_政府工作报告__天津市蓟州区人民政府,京津,"10%,8%",元，其中 区级 税收完成 13 亿元；全社会固定资产投资增长 10% ；社会消费品零售额增长 8% 以上；生态环境质量保持全市前列；节能减排完成市级下达任务。重点抓好以下九项工作： （一）抓实项目建设，着力扩大有效投资 深入实施全员招商。明确招商主攻方向，盯住京津冀、长三角、粤港澳等重点区域，瞄准智能制造、文化旅游、医疗康养、新一代信息技术等领域开展精准对接，全年签约重点项目不少于 50 个。压实招商责任，强化领导招商、部门招商、专业团队招商，实行专班推动、百分考核、奖优罚劣，打造大招商格局。抢抓京津冀协同发展重大机遇,https://www.tjjz.gov.cn/zwgk/ZFGZBG_20201207/202112/t20211227_5762428.html
2022,天津市蓟州区2022年政府工作报告_政府工作报告__天津市蓟州区人民政府,京津,8%,招商主攻方向，盯住京津冀、长三角、粤港澳等重点区域，瞄准智能制造、文化旅游、医疗康养、新一代信息技术等领域开展精准对接，全年签约重点项目不少于 50 个。压实招商责任，强化领导招商、部门招商、专业团队招商，实行专班推动、百分考核、奖优罚劣，打造大招商格局。抢抓京津冀协同发展重大机遇，聚焦央企总部疏解清单，锁定目标企业一盯到底，全力争取央企二三级企业来蓟布局。制定项目引进负面清单，严格项目准入，提升项目含金量。 全年 内资实际到位额 27 亿元， 增长 8% 以上。 强化重大项目引领。加快华电抽水蓄能、国电光伏等 20 ,https://www.tjjz.gov.cn/zwgk/ZFGZBG_20201207/202112/t20211227_5762428.html
2022,天津市蓟州区2022年政府工作报告_政府工作报告__天津市蓟州区人民政府,京津冀,,” ，深入贯彻落实党中央和市委、区委决策部署，统筹推进 “ 五位一体 ” 总体布局和 “ 四个全面 ” 战略布局，坚持稳中求进工作总基调，完整准确全面贯彻新发展理念，以推进高质量发展为主题，以改革创新为根本动力，以满足人民日益增长的美好生活需要为根本目的，抢抓京津冀协同发展重大机遇，以乡村振兴、休闲消费、科技创新为切入点，融入新发展格局，聚焦 “ 三地一城 ” 功能定位，奋力建设生态优先绿色发展典范城市。 我们要坚持发展第一要务，引项目兴产业，充分激发经济发展的新活力新动能。我们要 坚持问题导向，治顽瘴除痼疾，积极应对经,https://www.tjjz.gov.cn/zwgk/ZFGZBG_20201207/202112/t20211227_5762428.html
2022,天津市蓟州区2022年政府工作报告_政府工作报告__天津市蓟州区人民政府,京津冀,,到 2026 年，生态产品供给更加丰富，环境综合指数保持全市领先位置，生态环境质量保持全国前列。 要 全力提升经济发展质量效益。大力发展绿色经济、低碳产业，探索推进以 “ 双碳 ” 战略为引领的产业体系重构，谋划创建 “ 一带一路 ” 绿色产业先导示范区。抓牢京津冀协同发展机遇，引入实施一批高质高端高新产业项目。加快新动能引育，推动产业链条延伸、转型提质、深度融合，战略性新兴产业占比提高 5 个百分点。强化消费驱动，建设古城、新城、大盘山三大活力商圈，引育一批知名电商平台和限上商贸标杆企业，深入推进国家文化和旅游消费试点,https://www.tjjz.gov.cn/zwgk/ZFGZBG_20201207/202112/t20211227_5762428.html
2022,天津市蓟州区2022年政府工作报告_政府工作报告__天津市蓟州区人民政府,京津冀,"10%,8%",元，其中 区级 税收完成 13 亿元；全社会固定资产投资增长 10% ；社会消费品零售额增长 8% 以上；生态环境质量保持全市前列；节能减排完成市级下达任务。重点抓好以下九项工作： （一）抓实项目建设，着力扩大有效投资 深入实施全员招商。明确招商主攻方向，盯住京津冀、长三角、粤港澳等重点区域，瞄准智能制造、文化旅游、医疗康养、新一代信息技术等领域开展精准对接，全年签约重点项目不少于 50 个。压实招商责任，强化领导招商、部门招商、专业团队招商，实行专班推动、百分考核、奖优罚劣，打造大招商格局。抢抓京津冀协同发展重大机遇，,https://www.tjjz.gov.cn/zwgk/ZFGZBG_20201207/202112/t20211227_5762428.html
2022,天津市蓟州区2022年政府工作报告_政府工作报告__天津市蓟州区人民政府,京津冀,8%,招商主攻方向，盯住京津冀、长三角、粤港澳等重点区域，瞄准智能制造、文化旅游、医疗康养、新一代信息技术等领域开展精准对接，全年签约重点项目不少于 50 个。压实招商责任，强化领导招商、部门招商、专业团队招商，实行专班推动、百分考核、奖优罚劣，打造大招商格局。抢抓京津冀协同发展重大机遇，聚焦央企总部疏解清单，锁定目标企业一盯到底，全力争取央企二三级企业来蓟布局。制定项目引进负面清单，严格项目准入，提升项目含金量。 全年 内资实际到位额 27 亿元， 增长 8% 以上。 强化重大项目引领。加快华电抽水蓄能、国电光伏等 20 个,https://www.tjjz.gov.cn/zwgk/ZFGZBG_20201207/202112/t20211227_5762428.html
2022,天津市蓟州区2022年政府工作报告_政府工作报告__天津市蓟州区人民政府,游客,"25%,10%",京津提供更多生态产品。 要 高标准建设国家休闲度假目的地。优化全域旅游规划布局，实施全区域共建、全要素配置、全链条发展，培育 2-3 个平原旅游重点镇、 3 个全国乡村旅游重点村。推动旅游发展方式变革，打造高端化、多元化文旅休闲度假胜地。到 2026 年，北京游客数量占比达到 25% 以上，全区旅游综合收入增长 10% 。 要 高标准建设宜居的山水文化名城。深化山、水、城要素融合，打通良好视线廊道，实施全域环境整治提升，打造有颜值、有品位、有内涵的魅力城市。加强文化遗产保护利用，创建一批历史文化名镇名村。推动生态产业化,https://www.tjjz.gov.cn/zwgk/ZFGZBG_20201207/202112/t20211227_5762428.html
2022,天津市蓟州区2022年政府工作报告_政府工作报告__天津市蓟州区人民政府,游客,41%,设、运营、纳统等各环节规范化水平，形成更多投资增量。 （二）优化服务供给，着力激发消费潜能 扩大旅游消费。培育旅游消费新模式，打造 1 个国家级旅游休闲街区。增强核心景区、民营景区吸引力，发展智慧旅游 ，建设 4 个无障碍旅游区 ，实现景区环境品质化。瞄准都市游客需求，开发 亲子游、度假游、研学游新型业态 ，加快推动生态动物园等重点旅游项目 。 借势北京冬奥会，谋划高水平冬季旅游项目 。 上线“云尚蓟州”平台， 携手知名旅游营销公司，全方位拓展旅游消费市场。全年实现旅游综合收入 155 亿元，同比增长 41% 。 深化,https://www.tjjz.gov.cn/zwgk/ZFGZBG_20201207/202112/t20211227_5762428.html
2022,天津市蓟州区2022年政府工作报告_政府工作报告__天津市蓟州区人民政府,京津市场,,计签约北京地区重点项目 220 个。加快构建互联互通路网格局，京哈铁路蓟州站开通运行，津围北二线、邦喜二线、仓桑路西延、侯玉公路相继建成通车。不断深化周边区域务实合作，生态共建、应急联动、公共服务高效协同， “ 蓟宝热电 ” 投入运行， “ 蓟州农品 ” 直供京津市场，京东休闲旅游示范区实现 8 条线路互推、资源共享。东西部扶贫协作和支援合作成果丰硕，助力古浪县、天祝县如期脱贫摘帽。 —— 五年来， 我们深入践行习近平生态文明思想，守护绿水青山，建设美丽家园，生态宜居特色更加鲜明 。成功创建全国 “ 绿水青山就是金山银山 ,https://www.tjjz.gov.cn/zwgk/ZFGZBG_20201207/202112/t20211227_5762428.html
2022,蓟州区生态环境保护委员会办公室关于印发天津市蓟州区2022年度生态文明建设  工作计划的通知_生态环境局_政务公开,天津,, 蓟州区 生态文明建设 重点工程 类别 序号 项目名称 项目内容 实施地点 实施年限 责任单位 生态系统保护与修复 1 京津风沙源治理二期项目 对北部山区进行封山育林 8 万亩 北部山区 2020-2027 区林业局 2 自然保护区建设及生物多样性保护项目 与天津师范大学合作开展野生动物红外监测保护工作。 （ 2 ）名木古树复查工作：对盘山景区内 429 株挂牌名木古树，进行现场踏勘巡护管理，发现异常及时救治。 盘山风景名胜区 2020-2025 盘山（长城）管理服务中心 为准确掌握八仙山国家级自然保护区森林资源状况，,https://www.tjjz.gov.cn/zwgk/zcwj/qjwj/qjjg/sthjj2/202209/t20220909_5984411.html
2022,蓟州区生态环境保护委员会办公室关于印发天津市蓟州区2022年度生态文明建设  工作计划的通知_生态环境局_政务公开,天津,,复查工作：对盘山景区内 429 株挂牌名木古树，进行现场踏勘巡护管理，发现异常及时救治。 盘山风景名胜区 2020-2025 盘山（长城）管理服务中心 为准确掌握八仙山国家级自然保护区森林资源状况，逐步提升自然保护区保护成效，开展保护区森林资源专项调查，编制《天津八仙山国家级自然保护区森林资源专项调查报告》和《天津八仙山国家级自然保护区管理评估报告》。 加强保护区日常巡护，定期开展森林防火、野生动植物保护、自然保护区相关法律法规等方面的宣传教育工作。 八仙山国家级自然保护区管理服务中心 2020-2025 八仙山国家级,https://www.tjjz.gov.cn/zwgk/zcwj/qjwj/qjjg/sthjj2/202209/t20220909_5984411.html
2022,蓟州区生态环境保护委员会办公室关于印发天津市蓟州区2022年度生态文明建设  工作计划的通知_生态环境局_政务公开,京津,,化示范， 提升园区清洁生产水平。初步形成与全区经济社会发展相适应的安全、稳定、经济、清洁的新能源体系。 （ 责任部门：区工业和信息化局、区发展改革委、区生态环境局、经济开发区管委会按职责分工负责 ） 5. 打造生态服务产业。打造旅游产业聚集区，塑造“山水蓟州、京津花园”品牌形象。建设文化体验和商务旅游区，以鼓楼广场为中心，向西保护古城风貌，实施渔阳古街保护工程，积极申创建国家级夜间文化旅游消费集聚区；向东突出休闲城市功能，以商贸街、文昌街、中昌路为重点，建设购物、游憩、休闲、娱乐特色街区。向北以府君山为中心辐射周边，依,https://www.tjjz.gov.cn/zwgk/zcwj/qjwj/qjjg/sthjj2/202209/t20220909_5984411.html
2022,蓟州区生态环境保护委员会办公室关于印发天津市蓟州区2022年度生态文明建设  工作计划的通知_生态环境局_政务公开,京津,, 12 月 20 日前将工作完成情况报区生态环境保护委员会办公室。 附件： 2022 年 蓟州区 生态文明建设 重点工程 附件 2022 年 蓟州区 生态文明建设 重点工程 类别 序号 项目名称 项目内容 实施地点 实施年限 责任单位 生态系统保护与修复 1 京津风沙源治理二期项目 对北部山区进行封山育林 8 万亩 北部山区 2020-2027 区林业局 2 自然保护区建设及生物多样性保护项目 与天津师范大学合作开展野生动物红外监测保护工作。 （ 2 ）名木古树复查工作：对盘山景区内 429 株挂牌名木古树，进行现场踏,https://www.tjjz.gov.cn/zwgk/zcwj/qjwj/qjjg/sthjj2/202209/t20220909_5984411.html
2023,《天津市蓟州区排水专项规划（2021-2035年）》政策解读_文字解读__天津市蓟州区人民政府,京津,,排。 三、《规划》的指导思想和基本原则是什么？ 《规划》的指导思想是以习近平新时代中国特色社会主义思想为指导，扎实推进“五位一体”总体布局和“四个全面”战略布局，坚持“节水优先、空间均衡、系统治理、两手发力”的新时期治水思路，围绕蓟州区“非首都功能特色承接地、京津城市服务保障基地、国家休闲度假目的地、宜居山水文化名城”发展定位，统筹协调排水规划与经济社会发展和生态环境保护的关系，坚持问题导向，精准施策，全面构建城乡统筹、布局合理、生态良好的城乡排水格局，为促进经济社会发展、国民经济增长、生态环境改善和人居环境改善等提供,https://www.tjjz.gov.cn/zwgk/ZCJD_20201127/jd/202302/t20230206_6097689.html
2023,一图读懂 蓟州区文化设施布局规划（文旅融合）（2021-2035年）_政策图解__天津市蓟州区人民政府,天津,,一图读懂 蓟州区文化设施布局规划（文旅融合）（2021-2035年）_政策图解__天津市蓟州区人民政府 2020 年 05 月 24 日 星期 日 中文域名：天津市蓟州区人民政府办公室.政务 简体 | 繁体 无障碍 无障碍 长者模式 长者模式 关爱版 首页 走进蓟州 新闻中心 政务公开 政务服务 政民互动 专题专栏 当前位置： 一图读懂 蓟州区,https://www.tjjz.gov.cn/zwgk/ZCJD_20201127/tj/202312/t20231218_6484327.html
2023,一图读懂 蓟州区文化设施布局规划（文旅融合）（2021-2035年）_政策图解__天津市蓟州区人民政府,天津,,一图读懂 蓟州区文化设施布局规划（文旅融合）（2021-2035年）_政策图解__天津市蓟州区人民政府 2020 年 05 月 24 日 星期 日 中文域名：天津市蓟州区人民政府办公室.政务 简体 | 繁体 无障碍 无障碍 长者模式 长者模式 关爱版 首页 走进蓟州 新闻中心 政务公开 政务服务 政民互动 专题专栏 当前位置： 一图读懂 蓟州区文化设施布局规划（文旅融合）（2021-2035年） 来源：蓟州区文化和旅游,https://www.tjjz.gov.cn/zwgk/ZCJD_20201127/tj/202312/t20231218_6484327.html
2023,关于公布固定式交通技术监控设备的公告_公安蓟州分局_政务公开,山东,, 19 津围公路（仓桑公路至老仓桑公路）路段 20 津围公路（京抚线至魏敦路）路段 21 津围公路（武定街至迎宾大街）路段 22 津围公路（渔阳南路至南环路）路段 23 京抚线（平宝公路至喜邦公路）路段 24 克黄线（马营公路至津围公路）路段 25 克黄线（燕山东大街至通武线）路段 26 马营公路（郭家沟至刘庄子）路段 27 盘龙路（蓟州街至滨湖街）路段 28 盘山高速引道（燕山西大街至盘山景区环岛）路段 29 青池西街（中昌路至州河湾西街）路段 30 人民东路（东环路至二六九路）路段 31 人民东路（二六九路至光明路,https://www.tjjz.gov.cn/zwgk/zcwj/qjwj/qjjg/gajzfj2/202307/t20230719_6356152.html
2023,关于印发《蓟州区文化设施布局规划（文旅融合）》（2021-2035年）的通知_文化和旅游局_政务公开,天津,,关于印发《蓟州区文化设施布局规划（文旅融合）》（2021-2035年）的通知_文化和旅游局_政务公开 天津市蓟州区人民政府 2019年12月3日星期二 无障碍 无障碍 简体 | 繁体 长者模式 长者模式 政务公开 > 政策文件 > 区级文件 > 文化和旅游局 名 称 ： 关于印发《蓟州区文化设施布局规划（文旅融合）》（2021-2035年）的通知 索 引 号 ： ,https://www.tjjz.gov.cn/zwgk/zcwj/qjwj/qjjg/whhlyj2/202312/t20231218_6484319.html
2023,关于印发《蓟州区文化设施布局规划（文旅融合）》（2021-2035年）的通知_文化和旅游局_政务公开,天津,,者模式 长者模式 政务公开 > 政策文件 > 区级文件 > 文化和旅游局 名 称 ： 关于印发《蓟州区文化设施布局规划（文旅融合）》（2021-2035年）的通知 索 引 号 ： 11120225MB1937524K/2023-00001 发 布 机 构 ： 天津市蓟州区文化和旅游局 发 文 字 号 ： 蓟文旅发〔2023〕24号 主 题 ： 文化旅游\文化;文化旅游\旅游 成 文 日 期 ： 发 文 日 期 ： 有 效 性 ： 有效 各委办局、乡镇（街道）： 《 蓟州区文化设施布局规划（文旅融合） 》 （ 2021-,https://www.tjjz.gov.cn/zwgk/zcwj/qjwj/qjjg/whhlyj2/202312/t20231218_6484319.html
2023,关于印发《蓟州区文化设施布局规划（文旅融合）》（2021-2035年）的通知_文化和旅游局_政务公开,天津,,23 年 12 月 18 日 （此件主动公开） 附件： 蓟州区文化设施布局规划.docx | 政策解读 一图读懂 蓟州区文化设施布局规划（文旅融合）（2021-2035年） | 相关政策 | 相关报道 网站地图 | 联系我们 | 法律声明 | 使用帮助 主办：天津市蓟州区人民政府 版权所有© 网站标识码:1202250001 津ICP备17006421号 津公网安备12022502000073号 系统检测到您正在使用ie11以下内核的浏览器，不能实现完美体验，请更换或升级浏览器访问！ 网站地图 | 联系我们 | 法律声,https://www.tjjz.gov.cn/zwgk/zcwj/qjwj/qjjg/whhlyj2/202312/t20231218_6484319.html
2023,关于印发天津市蓟州区2023年度生态文明建设工作计划的通知_生态环境局_政务公开,天津,, 序号 项目名称 项目内容 实施地点 实施年限 责任单位 生态系统保护与修复 1 燕山山地生态综合治理项目（林业部分） 实施燕山山地生态综合治理项目（林业部分），封山育林 7 万亩。 北部山区 2023 年 区林业局 2 自然保护区建设及生物多样性保护项目 与天津师范大学合作开展野生动物红外监测保护工作。 （ 2 ）名木古树复查工作：对盘山景区内 429 株挂牌名木古树，进行现场踏勘巡护管理，发现异常及时救治。 盘山风景名胜区 2020-2025 盘山（长城）管理服务中心 3 继续开展 八仙山国家级自然保护区 保护区森,https://www.tjjz.gov.cn/zwgk/zcwj/qjwj/qjjg/sthjj2/202402/t20240228_6546718.html
2023,关于印发天津市蓟州区2023年度生态文明建设工作计划的通知_生态环境局_政务公开,京津,,碳技术等产业化示范，提升园区清洁生产水平。初步形成与全区经济社会发展相适应的安全、稳定、经济、清洁的新能源体系。（责任单位：区工业和信息化局、区发展改革委、区生态环境局、开发区管委会按职责分工负责） 5. 打造生态服务产业。打造旅游产业聚集区，塑造“山水蓟州、京津花园”品牌形象。建设文化体验和商务旅游区，以鼓楼广场为中心，向西保护古城风貌，实施渔阳古街保护工程，积极申创建国家级夜间文化旅游消费集聚区；向东突出休闲城市功能，以商贸街、文昌街、中昌路为重点，建设购物、游憩、休闲、娱乐特色街区。向北以府君山为中心辐射周边，依,https://www.tjjz.gov.cn/zwgk/zcwj/qjwj/qjjg/sthjj2/202402/t20240228_6546718.html
2023,关于印发蓟州区2023年优化营商环境责任清单的通知_政务服务办_政务公开,天津,,和一表通，根据需要随时开展跟踪指导服务。 区政务服务办 区城市管理委、区住房建设委、区国动办、市规划资源局蓟州分局、区生态环境局、区水务局、区文化和旅游局、土地整理中心、开发区管委会 序号 重点任务 主要内容 牵头部门 责任单位 7 3.提升政务服务水平 落实天津市关于高频事项“跨省通办”要求，进一步扩大高频事项范围，不断满足企业群众异地办理需求。 区政务服务办 区级有关单位 8 持续对接市级有关单位，进一步扩大“津心办”平台旗舰店规模，持续提升移动政务服务效能。 区委网信办 区政务服务办 9 4.提高不动产登记效率 ,https://www.tjjz.gov.cn/zwgk/zcwj/qjwj/qjjg/zwfwb2/202304/t20230424_6214561.html
2023,关于印发蓟州区2023年优化营商环境责任清单的通知_政务服务办_政务公开,天津,,过网上申请与实地核查相结合的方式，全力提升办事效率，进一步方便人才落户，真正实现让“数据多跑路、人才少跑腿”，为各类人才提供全方位服务。 区人力社保局 公安蓟州分局、区教育局 75 22.提高公共服务群众满意度 充分利用区、街镇、村居三级文化设施网络，积极参加天津市第八届市民文化艺术节，加大基层群众文化活动开展力度，指导各乡镇（街道）开展乡村“村晚”、下基层演出等文化活动，持续推动文化资源向基层和农村倾斜，让广大群众共享文化发展成果。 区文化和 旅游局 —— 序号 重点任务 主要内容 牵头部门 责任单位 76 22.提,https://www.tjjz.gov.cn/zwgk/zcwj/qjwj/qjjg/zwfwb2/202304/t20230424_6214561.html
2023,区发展改革委关于核定黄崖关长城门票收费标准的批复_发展改革委_政务公开,天津,,碍 无障碍 简体 | 繁体 长者模式 长者模式 政务公开 > 政策文件 > 区级文件 > 发展改革委 名 称 ： 区发展改革委关于核定黄崖关长城门票收费标准的批复 索 引 号 ： 111202250002088058/2023-00001 发 布 机 构 ： 天津市蓟州区发展和改革委员会 发 文 字 号 ： 蓟发改价〔2023〕1号 主 题 ： 国民经济和社会发展\物价 成 文 日 期 ： 发 文 日 期 ： 有 效 性 ： 有效 区发展改革委关于核定黄崖关长城门票收费标准的批复 天津蓟州旅游文化集团有限公司： 你单位,https://www.tjjz.gov.cn/zwgk/zcwj/qjwj/qjjg/fzggw2/202303/t20230309_6133861.html
2023,区发展改革委关于核定黄崖关长城门票收费标准的批复_发展改革委_政务公开,天津,,-00001 发 布 机 构 ： 天津市蓟州区发展和改革委员会 发 文 字 号 ： 蓟发改价〔2023〕1号 主 题 ： 国民经济和社会发展\物价 成 文 日 期 ： 发 文 日 期 ： 有 效 性 ： 有效 区发展改革委关于核定黄崖关长城门票收费标准的批复 天津蓟州旅游文化集团有限公司： 你单位《关于核定黄崖关长城门票收费标准的请示》收悉，黄崖关长城于 2020年新建黄崖关地貌风景区，经过两年试运行，我委按规定对期间运行情况进行成本监审，经营状况稳定， 根据国家发展改革委等八部委《关于整顿和规范游览参观点门票价格的通,https://www.tjjz.gov.cn/zwgk/zcwj/qjwj/qjjg/fzggw2/202303/t20230309_6133861.html
2023,区发展改革委关于核定黄崖关长城门票收费标准的批复_发展改革委_政务公开,天津,,著位置公示票价，认真执行明码标价制度，自觉接受价格管理部门的监督检查，并向游客做好宣传解释工作。 四、此收费标准自文印之日起执行。 2023年3月7日 附件： | 政策解读 | 相关政策 | 相关报道 网站地图 | 联系我们 | 法律声明 | 使用帮助 主办：天津市蓟州区人民政府 版权所有© 网站标识码:1202250001 津ICP备17006421号 津公网安备12022502000073号 系统检测到您正在使用ie11以下内核的浏览器，不能实现完美体验，请更换或升级浏览器访问！ 网站地图 | 联系我们 | 法律声,https://www.tjjz.gov.cn/zwgk/zcwj/qjwj/qjjg/fzggw2/202303/t20230309_6133861.html
2023,区发展改革委关于核定黄崖关长城门票收费标准的批复_发展改革委_政务公开,游客,, 批复如下： 一、黄崖关长城试行门票价格转为正式票价，执行 70元/ 每人每券的标准。 二、黄崖关长城门票价格的减免范围及优惠幅度按国家有关规定执行。 三、接此通知后景区应在售票场所的显著位置公示票价，认真执行明码标价制度，自觉接受价格管理部门的监督检查，并向游客做好宣传解释工作。 四、此收费标准自文印之日起执行。 2023年3月7日 附件： | 政策解读 | 相关政策 | 相关报道 网站地图 | 联系我们 | 法律声明 | 使用帮助 主办：天津市蓟州区人民政府 版权所有© 网站标识码:1202250001 津ICP备,https://www.tjjz.gov.cn/zwgk/zcwj/qjwj/qjjg/fzggw2/202303/t20230309_6133861.html
2023,区发展改革委关于调整天津九龙山国家森林公园门票价格的批复_发展改革委_政务公开,天津,,碍 简体 | 繁体 长者模式 长者模式 政务公开 > 政策文件 > 区级文件 > 发展改革委 名 称 ： 区发展改革委关于调整天津九龙山国家森林公园门票价格的批复 索 引 号 ： 111202250002088058/2023-00002 发 布 机 构 ： 天津市蓟州区发展和改革委员会 发 文 字 号 ： 蓟发改价〔2023〕2号 主 题 ： 国民经济和社会发展\物价 成 文 日 期 ： 发 文 日 期 ： 有 效 性 ： 有效 区发展改革委关于调整天津九龙山国家森林公园门票价格的批复 天津 蓟州旅游文化集团有限公司,https://www.tjjz.gov.cn/zwgk/zcwj/qjwj/qjjg/fzggw2/202307/t20230704_6343681.html
2023,区发展改革委关于调整天津九龙山国家森林公园门票价格的批复_发展改革委_政务公开,天津,,0002088058/2023-00002 发 布 机 构 ： 天津市蓟州区发展和改革委员会 发 文 字 号 ： 蓟发改价〔2023〕2号 主 题 ： 国民经济和社会发展\物价 成 文 日 期 ： 发 文 日 期 ： 有 效 性 ： 有效 区发展改革委关于调整天津九龙山国家森林公园门票价格的批复 天津 蓟州旅游文化集团有限公司 ： 你单位《 关于调整天津九龙山国家森林公园门票价格的请示 》收悉，根据国家发展改革委等八部委《关于整顿和规范游览参观点门票价格的通知》（发改价格〔2008〕905号）和《国家发展和改革委办公厅,https://www.tjjz.gov.cn/zwgk/zcwj/qjwj/qjjg/fzggw2/202307/t20230704_6343681.html
2023,区发展改革委关于调整天津九龙山国家森林公园门票价格的批复_发展改革委_政务公开,天津,,02 发 布 机 构 ： 天津市蓟州区发展和改革委员会 发 文 字 号 ： 蓟发改价〔2023〕2号 主 题 ： 国民经济和社会发展\物价 成 文 日 期 ： 发 文 日 期 ： 有 效 性 ： 有效 区发展改革委关于调整天津九龙山国家森林公园门票价格的批复 天津 蓟州旅游文化集团有限公司 ： 你单位《 关于调整天津九龙山国家森林公园门票价格的请示 》收悉，根据国家发展改革委等八部委《关于整顿和规范游览参观点门票价格的通知》（发改价格〔2008〕905号）和《国家发展和改革委办公厅关于贯彻落实整顿和规范游览参观点门票价,https://www.tjjz.gov.cn/zwgk/zcwj/qjwj/qjjg/fzggw2/202307/t20230704_6343681.html
2023,区发展改革委关于调整天津九龙山国家森林公园门票价格的批复_发展改革委_政务公开,天津,, 发 文 字 号 ： 蓟发改价〔2023〕2号 主 题 ： 国民经济和社会发展\物价 成 文 日 期 ： 发 文 日 期 ： 有 效 性 ： 有效 区发展改革委关于调整天津九龙山国家森林公园门票价格的批复 天津 蓟州旅游文化集团有限公司 ： 你单位《 关于调整天津九龙山国家森林公园门票价格的请示 》收悉，根据国家发展改革委等八部委《关于整顿和规范游览参观点门票价格的通知》（发改价格〔2008〕905号）和《国家发展和改革委办公厅关于贯彻落实整顿和规范游览参观点门票价格的通知》（发改办价格〔2008〕1028号）文件要求,https://www.tjjz.gov.cn/zwgk/zcwj/qjwj/qjjg/fzggw2/202307/t20230704_6343681.html
2023,区发展改革委关于调整天津九龙山国家森林公园门票价格的批复_发展改革委_政务公开,天津,,的通知》（发改价格〔2008〕905号）和《国家发展和改革委办公厅关于贯彻落实整顿和规范游览参观点门票价格的通知》（发改办价格〔2008〕1028号）文件要求，经严格的成本测算并按照《政府制定价格听证办法》的有关规定召开价格听证会议，经报请区政府同意， 现将 天津 九龙山国家森林公园 门票价格 批复如下： 一、天津 九龙山国家森林公园 门票价格 调整 为 每人每券 45 元。 二、 天津九龙山国家森林公园 门票价格的减免范围及优惠幅度按国家有关规定执行。 三、接此通知后景区应在售票场所的显著位置公示票价，认真执行明码标,https://www.tjjz.gov.cn/zwgk/zcwj/qjwj/qjjg/fzggw2/202307/t20230704_6343681.html
2023,区发展改革委关于调整天津九龙山国家森林公园门票价格的批复_发展改革委_政务公开,天津,,和改革委办公厅关于贯彻落实整顿和规范游览参观点门票价格的通知》（发改办价格〔2008〕1028号）文件要求，经严格的成本测算并按照《政府制定价格听证办法》的有关规定召开价格听证会议，经报请区政府同意， 现将 天津 九龙山国家森林公园 门票价格 批复如下： 一、天津 九龙山国家森林公园 门票价格 调整 为 每人每券 45 元。 二、 天津九龙山国家森林公园 门票价格的减免范围及优惠幅度按国家有关规定执行。 三、接此通知后景区应在售票场所的显著位置公示票价，认真执行明码标价制度，自觉接受价格管理部门的监督检查，并向游客做好,https://www.tjjz.gov.cn/zwgk/zcwj/qjwj/qjjg/fzggw2/202307/t20230704_6343681.html
2023,区发展改革委关于调整天津九龙山国家森林公园门票价格的批复_发展改革委_政务公开,天津,,〔2008〕1028号）文件要求，经严格的成本测算并按照《政府制定价格听证办法》的有关规定召开价格听证会议，经报请区政府同意， 现将 天津 九龙山国家森林公园 门票价格 批复如下： 一、天津 九龙山国家森林公园 门票价格 调整 为 每人每券 45 元。 二、 天津九龙山国家森林公园 门票价格的减免范围及优惠幅度按国家有关规定执行。 三、接此通知后景区应在售票场所的显著位置公示票价，认真执行明码标价制度，自觉接受价格管理部门的监督检查，并向游客做好宣传解释工作。 四、此收费标准自文印之日起执行。 2023年7月4日 附件,https://www.tjjz.gov.cn/zwgk/zcwj/qjwj/qjjg/fzggw2/202307/t20230704_6343681.html
2023,区发展改革委关于调整天津九龙山国家森林公园门票价格的批复_发展改革委_政务公开,天津,,著位置公示票价，认真执行明码标价制度，自觉接受价格管理部门的监督检查，并向游客做好宣传解释工作。 四、此收费标准自文印之日起执行。 2023年7月4日 附件： | 政策解读 | 相关政策 | 相关报道 网站地图 | 联系我们 | 法律声明 | 使用帮助 主办：天津市蓟州区人民政府 版权所有© 网站标识码:1202250001 津ICP备17006421号 津公网安备12022502000073号 系统检测到您正在使用ie11以下内核的浏览器，不能实现完美体验，请更换或升级浏览器访问！ 网站地图 | 联系我们 | 法律声,https://www.tjjz.gov.cn/zwgk/zcwj/qjwj/qjjg/fzggw2/202307/t20230704_6343681.html
2023,区发展改革委关于调整天津九龙山国家森林公园门票价格的批复_发展改革委_政务公开,游客,,一、天津 九龙山国家森林公园 门票价格 调整 为 每人每券 45 元。 二、 天津九龙山国家森林公园 门票价格的减免范围及优惠幅度按国家有关规定执行。 三、接此通知后景区应在售票场所的显著位置公示票价，认真执行明码标价制度，自觉接受价格管理部门的监督检查，并向游客做好宣传解释工作。 四、此收费标准自文印之日起执行。 2023年7月4日 附件： | 政策解读 | 相关政策 | 相关报道 网站地图 | 联系我们 | 法律声明 | 使用帮助 主办：天津市蓟州区人民政府 版权所有© 网站标识码:1202250001 津ICP备,https://www.tjjz.gov.cn/zwgk/zcwj/qjwj/qjjg/fzggw2/202307/t20230704_6343681.html
2023,区科技局 区教育局 区科协关于认定       蓟州溶洞科普旅游基地等5家单位         为天津市蓟州区科普基地的通知_科技局_政务公开,天津,,区科技局 区教育局 区科协关于认定 蓟州溶洞科普旅游基地等5家单位 为天津市蓟州区科普基地的通知_科技局_政务公开 天津市蓟州区人民政府 2019年12月3日星期二 无障碍 无障碍 简体 | 繁体 长者模式 长者模式 政务公开 > 政策文件 > 区级文件 > 科技局 名 称 ： 区科技局 区教育局 区科协关于认定 蓟州溶洞科普旅游基,https://www.tjjz.gov.cn/zwgk/zcwj/qjwj/qjjg/kjj2/202302/t20230228_6123647.html
2023,区科技局 区教育局 区科协关于认定       蓟州溶洞科普旅游基地等5家单位         为天津市蓟州区科普基地的通知_科技局_政务公开,天津,,区科技局 区教育局 区科协关于认定 蓟州溶洞科普旅游基地等5家单位 为天津市蓟州区科普基地的通知_科技局_政务公开 天津市蓟州区人民政府 2019年12月3日星期二 无障碍 无障碍 简体 | 繁体 长者模式 长者模式 政务公开 > 政策文件 > 区级文件 > 科技局 名 称 ： 区科技局 区教育局 区科协关于认定 蓟州溶洞科普旅游基地等5家单位 为天津市蓟州区科普基地的通知 索,https://www.tjjz.gov.cn/zwgk/zcwj/qjwj/qjjg/kjj2/202302/t20230228_6123647.html
2023,区科技局 区教育局 区科协关于认定       蓟州溶洞科普旅游基地等5家单位         为天津市蓟州区科普基地的通知_科技局_政务公开,天津,,的通知_科技局_政务公开 天津市蓟州区人民政府 2019年12月3日星期二 无障碍 无障碍 简体 | 繁体 长者模式 长者模式 政务公开 > 政策文件 > 区级文件 > 科技局 名 称 ： 区科技局 区教育局 区科协关于认定 蓟州溶洞科普旅游基地等5家单位 为天津市蓟州区科普基地的通知 索 引 号 ： 111202250002088133/2023-00001 发 布 机 构 ： 天津市蓟州区科学技术局 联合发文单位： 天津市蓟州区教育局 发 文 字 号 ： 津蓟科技发〔2023〕1号 主 题 ： 科技工业信息化\科技,https://www.tjjz.gov.cn/zwgk/zcwj/qjwj/qjjg/kjj2/202302/t20230228_6123647.html
2023,区科技局 区教育局 区科协关于认定       蓟州溶洞科普旅游基地等5家单位         为天津市蓟州区科普基地的通知_科技局_政务公开,天津,,式 政务公开 > 政策文件 > 区级文件 > 科技局 名 称 ： 区科技局 区教育局 区科协关于认定 蓟州溶洞科普旅游基地等5家单位 为天津市蓟州区科普基地的通知 索 引 号 ： 111202250002088133/2023-00001 发 布 机 构 ： 天津市蓟州区科学技术局 联合发文单位： 天津市蓟州区教育局 发 文 字 号 ： 津蓟科技发〔2023〕1号 主 题 ： 科技工业信息化\科技 成 文 日 期 ： 发 文 日 期 ： 有 效 性 ： 有效 区科技局 区教育局 区科协关于认定 蓟州溶洞科普旅游基地等 ,https://www.tjjz.gov.cn/zwgk/zcwj/qjwj/qjjg/kjj2/202302/t20230228_6123647.html
2023,区科技局 区教育局 区科协关于认定       蓟州溶洞科普旅游基地等5家单位         为天津市蓟州区科普基地的通知_科技局_政务公开,天津,, > 科技局 名 称 ： 区科技局 区教育局 区科协关于认定 蓟州溶洞科普旅游基地等5家单位 为天津市蓟州区科普基地的通知 索 引 号 ： 111202250002088133/2023-00001 发 布 机 构 ： 天津市蓟州区科学技术局 联合发文单位： 天津市蓟州区教育局 发 文 字 号 ： 津蓟科技发〔2023〕1号 主 题 ： 科技工业信息化\科技 成 文 日 期 ： 发 文 日 期 ： 有 效 性 ： 有效 区科技局 区教育局 区科协关于认定 蓟州溶洞科普旅游基地等 5家单位为天津市蓟州区科普基地的通知 各,https://www.tjjz.gov.cn/zwgk/zcwj/qjwj/qjjg/kjj2/202302/t20230228_6123647.html
2023,区科技局 区教育局 区科协关于认定       蓟州溶洞科普旅游基地等5家单位         为天津市蓟州区科普基地的通知_科技局_政务公开,天津,,学技术局 联合发文单位： 天津市蓟州区教育局 发 文 字 号 ： 津蓟科技发〔2023〕1号 主 题 ： 科技工业信息化\科技 成 文 日 期 ： 发 文 日 期 ： 有 效 性 ： 有效 区科技局 区教育局 区科协关于认定 蓟州溶洞科普旅游基地等 5家单位为天津市蓟州区科普基地的通知 各有关单位： 为进一步加强我 区 科普基地建设， 按照《蓟州区科普基地认定管理办法 (试行)》（津蓟科技发〔2021〕3号） 有关规定， 区 科技局 牵头，会同区 科协 、区教育局 组织有关专家对 7 家申报单位进行了集中评审、 专家讨,https://www.tjjz.gov.cn/zwgk/zcwj/qjwj/qjjg/kjj2/202302/t20230228_6123647.html
2023,区科技局 区教育局 区科协关于认定       蓟州溶洞科普旅游基地等5家单位         为天津市蓟州区科普基地的通知_科技局_政务公开,天津,,， 区 科技局 牵头，会同区 科协 、区教育局 组织有关专家对 7 家申报单位进行了集中评审、 专家讨论 和部门评议，提出了建议名单。经 区 科技局 党组 会 审议、 网上 公示等环节，最终认定 蓟州溶洞科普旅游基地 等 5 家单位为 2023-2025年度 天津市 蓟州区 科普基地。 希望新认定的 区 级科普基地充分利用自身优势，进一步发挥示范引领作用，积极面向全市公众开展丰富多彩的科普活动，为普及科学知识、弘扬科学精神、传播科学思想、倡导科学方法作出积极贡献。 附件： 202 3-2025年度 天津市 蓟州区 科普,https://www.tjjz.gov.cn/zwgk/zcwj/qjwj/qjjg/kjj2/202302/t20230228_6123647.html
2023,区科技局 区教育局 区科协关于认定       蓟州溶洞科普旅游基地等5家单位         为天津市蓟州区科普基地的通知_科技局_政务公开,天津,,-2025年度 天津市 蓟州区 科普基地。 希望新认定的 区 级科普基地充分利用自身优势，进一步发挥示范引领作用，积极面向全市公众开展丰富多彩的科普活动，为普及科学知识、弘扬科学精神、传播科学思想、倡导科学方法作出积极贡献。 附件： 202 3-2025年度 天津市 蓟州区 科普基地认定名单 天津市蓟州区科学技术局 天津市蓟州区教育局 天津市蓟州区科学技术协会 2023年 2 月 6 日 附件： 2023-2025年度天津市蓟州区科普基地认定名单 序号 科普基地名称 依托单位 1 蓟州溶洞科普旅游基地 天津市津京洪旅游,https://www.tjjz.gov.cn/zwgk/zcwj/qjwj/qjjg/kjj2/202302/t20230228_6123647.html
2023,区科技局 区教育局 区科协关于认定       蓟州溶洞科普旅游基地等5家单位         为天津市蓟州区科普基地的通知_科技局_政务公开,天津,,普基地。 希望新认定的 区 级科普基地充分利用自身优势，进一步发挥示范引领作用，积极面向全市公众开展丰富多彩的科普活动，为普及科学知识、弘扬科学精神、传播科学思想、倡导科学方法作出积极贡献。 附件： 202 3-2025年度 天津市 蓟州区 科普基地认定名单 天津市蓟州区科学技术局 天津市蓟州区教育局 天津市蓟州区科学技术协会 2023年 2 月 6 日 附件： 2023-2025年度天津市蓟州区科普基地认定名单 序号 科普基地名称 依托单位 1 蓟州溶洞科普旅游基地 天津市津京洪旅游有限公司 2 蓟 洲 国际（天津）,https://www.tjjz.gov.cn/zwgk/zcwj/qjwj/qjjg/kjj2/202302/t20230228_6123647.html
2023,区科技局 区教育局 区科协关于认定       蓟州溶洞科普旅游基地等5家单位         为天津市蓟州区科普基地的通知_科技局_政务公开,天津,,区 级科普基地充分利用自身优势，进一步发挥示范引领作用，积极面向全市公众开展丰富多彩的科普活动，为普及科学知识、弘扬科学精神、传播科学思想、倡导科学方法作出积极贡献。 附件： 202 3-2025年度 天津市 蓟州区 科普基地认定名单 天津市蓟州区科学技术局 天津市蓟州区教育局 天津市蓟州区科学技术协会 2023年 2 月 6 日 附件： 2023-2025年度天津市蓟州区科普基地认定名单 序号 科普基地名称 依托单位 1 蓟州溶洞科普旅游基地 天津市津京洪旅游有限公司 2 蓟 洲 国际（天津） 科普教育基地 天津蓟洲,https://www.tjjz.gov.cn/zwgk/zcwj/qjwj/qjjg/kjj2/202302/t20230228_6123647.html
2023,区科技局 区教育局 区科协关于认定       蓟州溶洞科普旅游基地等5家单位         为天津市蓟州区科普基地的通知_科技局_政务公开,天津,,用自身优势，进一步发挥示范引领作用，积极面向全市公众开展丰富多彩的科普活动，为普及科学知识、弘扬科学精神、传播科学思想、倡导科学方法作出积极贡献。 附件： 202 3-2025年度 天津市 蓟州区 科普基地认定名单 天津市蓟州区科学技术局 天津市蓟州区教育局 天津市蓟州区科学技术协会 2023年 2 月 6 日 附件： 2023-2025年度天津市蓟州区科普基地认定名单 序号 科普基地名称 依托单位 1 蓟州溶洞科普旅游基地 天津市津京洪旅游有限公司 2 蓟 洲 国际（天津） 科普教育基地 天津蓟洲国际旅游度假村有限公,https://www.tjjz.gov.cn/zwgk/zcwj/qjwj/qjjg/kjj2/202302/t20230228_6123647.html
2023,区科技局 区教育局 区科协关于认定       蓟州溶洞科普旅游基地等5家单位         为天津市蓟州区科普基地的通知_科技局_政务公开,天津,,学知识、弘扬科学精神、传播科学思想、倡导科学方法作出积极贡献。 附件： 202 3-2025年度 天津市 蓟州区 科普基地认定名单 天津市蓟州区科学技术局 天津市蓟州区教育局 天津市蓟州区科学技术协会 2023年 2 月 6 日 附件： 2023-2025年度天津市蓟州区科普基地认定名单 序号 科普基地名称 依托单位 1 蓟州溶洞科普旅游基地 天津市津京洪旅游有限公司 2 蓟 洲 国际（天津） 科普教育基地 天津蓟洲国际旅游度假村有限公司 3 郭家沟景区科普教育基地 天津郭家沟旅游开发有限公司 4 京津国色天香牡丹园 ,https://www.tjjz.gov.cn/zwgk/zcwj/qjwj/qjjg/kjj2/202302/t20230228_6123647.html
2023,区科技局 区教育局 区科协关于认定       蓟州溶洞科普旅游基地等5家单位         为天津市蓟州区科普基地的通知_科技局_政务公开,天津,,025年度 天津市 蓟州区 科普基地认定名单 天津市蓟州区科学技术局 天津市蓟州区教育局 天津市蓟州区科学技术协会 2023年 2 月 6 日 附件： 2023-2025年度天津市蓟州区科普基地认定名单 序号 科普基地名称 依托单位 1 蓟州溶洞科普旅游基地 天津市津京洪旅游有限公司 2 蓟 洲 国际（天津） 科普教育基地 天津蓟洲国际旅游度假村有限公司 3 郭家沟景区科普教育基地 天津郭家沟旅游开发有限公司 4 京津国色天香牡丹园 科普教育基地 天津市国色天香牡丹种植有限公司 5 华昱科普培训基地 天津华昱农产品产销,https://www.tjjz.gov.cn/zwgk/zcwj/qjwj/qjjg/kjj2/202302/t20230228_6123647.html
2023,区科技局 区教育局 区科协关于认定       蓟州溶洞科普旅游基地等5家单位         为天津市蓟州区科普基地的通知_科技局_政务公开,天津,, 天津市蓟州区科学技术局 天津市蓟州区教育局 天津市蓟州区科学技术协会 2023年 2 月 6 日 附件： 2023-2025年度天津市蓟州区科普基地认定名单 序号 科普基地名称 依托单位 1 蓟州溶洞科普旅游基地 天津市津京洪旅游有限公司 2 蓟 洲 国际（天津） 科普教育基地 天津蓟洲国际旅游度假村有限公司 3 郭家沟景区科普教育基地 天津郭家沟旅游开发有限公司 4 京津国色天香牡丹园 科普教育基地 天津市国色天香牡丹种植有限公司 5 华昱科普培训基地 天津华昱农产品产销专业合作社 附件： 区科技局 区教育局 区科,https://www.tjjz.gov.cn/zwgk/zcwj/qjwj/qjjg/kjj2/202302/t20230228_6123647.html
2023,区科技局 区教育局 区科协关于认定       蓟州溶洞科普旅游基地等5家单位         为天津市蓟州区科普基地的通知_科技局_政务公开,天津,,局 天津市蓟州区教育局 天津市蓟州区科学技术协会 2023年 2 月 6 日 附件： 2023-2025年度天津市蓟州区科普基地认定名单 序号 科普基地名称 依托单位 1 蓟州溶洞科普旅游基地 天津市津京洪旅游有限公司 2 蓟 洲 国际（天津） 科普教育基地 天津蓟洲国际旅游度假村有限公司 3 郭家沟景区科普教育基地 天津郭家沟旅游开发有限公司 4 京津国色天香牡丹园 科普教育基地 天津市国色天香牡丹种植有限公司 5 华昱科普培训基地 天津华昱农产品产销专业合作社 附件： 区科技局 区教育局 区科协关于认定蓟州溶洞科普,https://www.tjjz.gov.cn/zwgk/zcwj/qjwj/qjjg/kjj2/202302/t20230228_6123647.html
2023,区科技局 区教育局 区科协关于认定       蓟州溶洞科普旅游基地等5家单位         为天津市蓟州区科普基地的通知_科技局_政务公开,天津,, 2 月 6 日 附件： 2023-2025年度天津市蓟州区科普基地认定名单 序号 科普基地名称 依托单位 1 蓟州溶洞科普旅游基地 天津市津京洪旅游有限公司 2 蓟 洲 国际（天津） 科普教育基地 天津蓟洲国际旅游度假村有限公司 3 郭家沟景区科普教育基地 天津郭家沟旅游开发有限公司 4 京津国色天香牡丹园 科普教育基地 天津市国色天香牡丹种植有限公司 5 华昱科普培训基地 天津华昱农产品产销专业合作社 附件： 区科技局 区教育局 区科协关于认定蓟州溶洞科普旅游基地等5家单位为天津市蓟州区科普基地的通知.doc | ,https://www.tjjz.gov.cn/zwgk/zcwj/qjwj/qjjg/kjj2/202302/t20230228_6123647.html
2023,区科技局 区教育局 区科协关于认定       蓟州溶洞科普旅游基地等5家单位         为天津市蓟州区科普基地的通知_科技局_政务公开,天津,,地认定名单 序号 科普基地名称 依托单位 1 蓟州溶洞科普旅游基地 天津市津京洪旅游有限公司 2 蓟 洲 国际（天津） 科普教育基地 天津蓟洲国际旅游度假村有限公司 3 郭家沟景区科普教育基地 天津郭家沟旅游开发有限公司 4 京津国色天香牡丹园 科普教育基地 天津市国色天香牡丹种植有限公司 5 华昱科普培训基地 天津华昱农产品产销专业合作社 附件： 区科技局 区教育局 区科协关于认定蓟州溶洞科普旅游基地等5家单位为天津市蓟州区科普基地的通知.doc | 政策解读 | 相关政策 | 相关报道 网站地图 | 联系我们 | ,https://www.tjjz.gov.cn/zwgk/zcwj/qjwj/qjjg/kjj2/202302/t20230228_6123647.html
2023,区科技局 区教育局 区科协关于认定       蓟州溶洞科普旅游基地等5家单位         为天津市蓟州区科普基地的通知_科技局_政务公开,天津,,科普旅游基地 天津市津京洪旅游有限公司 2 蓟 洲 国际（天津） 科普教育基地 天津蓟洲国际旅游度假村有限公司 3 郭家沟景区科普教育基地 天津郭家沟旅游开发有限公司 4 京津国色天香牡丹园 科普教育基地 天津市国色天香牡丹种植有限公司 5 华昱科普培训基地 天津华昱农产品产销专业合作社 附件： 区科技局 区教育局 区科协关于认定蓟州溶洞科普旅游基地等5家单位为天津市蓟州区科普基地的通知.doc | 政策解读 | 相关政策 | 相关报道 网站地图 | 联系我们 | 法律声明 | 使用帮助 主办：天津市蓟州区人民政府 版,https://www.tjjz.gov.cn/zwgk/zcwj/qjwj/qjjg/kjj2/202302/t20230228_6123647.html
2023,区科技局 区教育局 区科协关于认定       蓟州溶洞科普旅游基地等5家单位         为天津市蓟州区科普基地的通知_科技局_政务公开,天津,,限公司 3 郭家沟景区科普教育基地 天津郭家沟旅游开发有限公司 4 京津国色天香牡丹园 科普教育基地 天津市国色天香牡丹种植有限公司 5 华昱科普培训基地 天津华昱农产品产销专业合作社 附件： 区科技局 区教育局 区科协关于认定蓟州溶洞科普旅游基地等5家单位为天津市蓟州区科普基地的通知.doc | 政策解读 | 相关政策 | 相关报道 网站地图 | 联系我们 | 法律声明 | 使用帮助 主办：天津市蓟州区人民政府 版权所有© 网站标识码:1202250001 津ICP备17006421号 津公网安备1202250200,https://www.tjjz.gov.cn/zwgk/zcwj/qjwj/qjjg/kjj2/202302/t20230228_6123647.html
2023,区科技局 区教育局 区科协关于认定       蓟州溶洞科普旅游基地等5家单位         为天津市蓟州区科普基地的通知_科技局_政务公开,天津,, 华昱科普培训基地 天津华昱农产品产销专业合作社 附件： 区科技局 区教育局 区科协关于认定蓟州溶洞科普旅游基地等5家单位为天津市蓟州区科普基地的通知.doc | 政策解读 | 相关政策 | 相关报道 网站地图 | 联系我们 | 法律声明 | 使用帮助 主办：天津市蓟州区人民政府 版权所有© 网站标识码:1202250001 津ICP备17006421号 津公网安备12022502000073号 系统检测到您正在使用ie11以下内核的浏览器，不能实现完美体验，请更换或升级浏览器访问！ 网站地图 | 联系我们 | 法律声,https://www.tjjz.gov.cn/zwgk/zcwj/qjwj/qjjg/kjj2/202302/t20230228_6123647.html
2023,区科技局 区教育局 区科协关于认定       蓟州溶洞科普旅游基地等5家单位         为天津市蓟州区科普基地的通知_科技局_政务公开,京津,,3-2025年度天津市蓟州区科普基地认定名单 序号 科普基地名称 依托单位 1 蓟州溶洞科普旅游基地 天津市津京洪旅游有限公司 2 蓟 洲 国际（天津） 科普教育基地 天津蓟洲国际旅游度假村有限公司 3 郭家沟景区科普教育基地 天津郭家沟旅游开发有限公司 4 京津国色天香牡丹园 科普教育基地 天津市国色天香牡丹种植有限公司 5 华昱科普培训基地 天津华昱农产品产销专业合作社 附件： 区科技局 区教育局 区科协关于认定蓟州溶洞科普旅游基地等5家单位为天津市蓟州区科普基地的通知.doc | 政策解读 | 相关政策 | 相关,https://www.tjjz.gov.cn/zwgk/zcwj/qjwj/qjjg/kjj2/202302/t20230228_6123647.html
2023,天津市蓟州区2023年政府工作报告_政府工作报告__天津市蓟州区人民政府,北京,,会战，全年累计签约重点项目 74 个，协议投资额 288 亿元；实际利用内资 27.5 亿元、直接利用外资 2452 万美元。积极链接首都优质资源，成功举办 “ 北京企业家蓟州行 ”“ 蓟州招商引资首都推介会 ” 等专场活动，丰树食品智能制造产业园等 31 个北京优质项目落地建设。推进东西部协作和支援合作，投入财政资金 1.04 亿元，实施帮扶项目 41 个，助力结对地区巩固拓展脱贫攻坚成果。 （四）深度融合、提质增效，文旅产业优势更加彰显。 坚持以文塑旅、以旅彰文，加快文旅大项目建设，长城国家文化公园、渔阳古街保护提,https://www.tjjz.gov.cn/zwgk/ZFGZBG_20201207/202301/t20230106_6070587.html
2023,天津市蓟州区2023年政府工作报告_政府工作报告__天津市蓟州区人民政府,北京,,动、月分析、季通报。瞄准高端智能绿色方向，大力开展以商招商、产业链招商、中介机构招商，重点引进龙头项目、链主企业、配套产业，全年 “ 走出去 ” 招商活动不少于 80 批次。更加主动融入京津冀协同发展，紧盯非首都功能疏解，举办 “ 投资蓟州 · 合作共赢 ” 北京招商推介会，开展高频次上门招商和点对点对接，加快引入智能制造、文化旅游、教育科研、高端康养优质资源。坚持每季度举办项目集中签约仪式，全年签约重点项目 80 个以上，其中北京项目 30 个；实际利用内资 29 亿元以上，直接利用外资 2400 万美元以上。 完善,https://www.tjjz.gov.cn/zwgk/ZFGZBG_20201207/202301/t20230106_6070587.html
2023,天津市蓟州区2023年政府工作报告_政府工作报告__天津市蓟州区人民政府,北京,,。更加主动融入京津冀协同发展，紧盯非首都功能疏解，举办 “ 投资蓟州 · 合作共赢 ” 北京招商推介会，开展高频次上门招商和点对点对接，加快引入智能制造、文化旅游、教育科研、高端康养优质资源。坚持每季度举办项目集中签约仪式，全年签约重点项目 80 个以上，其中北京项目 30 个；实际利用内资 29 亿元以上，直接利用外资 2400 万美元以上。 完善要素保障机制。落实管行业必管投资、管行业必管招商责任，纳入绩效考核体系和部门 “ 三定 ” 方案。加强项目要素服务保障，实行用地清单制，全面推行 “ 拿地即开工 ” 模式。,https://www.tjjz.gov.cn/zwgk/ZFGZBG_20201207/202301/t20230106_6070587.html
2023,天津市蓟州区2023年政府工作报告_政府工作报告__天津市蓟州区人民政府,京津,,商引资质效。进一步完善全员招商工作体系，升级加力三个招商团队任务目标，周推动、月分析、季通报。瞄准高端智能绿色方向，大力开展以商招商、产业链招商、中介机构招商，重点引进龙头项目、链主企业、配套产业，全年 “ 走出去 ” 招商活动不少于 80 批次。更加主动融入京津冀协同发展，紧盯非首都功能疏解，举办 “ 投资蓟州 · 合作共赢 ” 北京招商推介会，开展高频次上门招商和点对点对接，加快引入智能制造、文化旅游、教育科研、高端康养优质资源。坚持每季度举办项目集中签约仪式，全年签约重点项目 80 个以上，其中北京项目 30 个,https://www.tjjz.gov.cn/zwgk/ZFGZBG_20201207/202301/t20230106_6070587.html
2023,天津市蓟州区2023年政府工作报告_政府工作报告__天津市蓟州区人民政府,京津冀,,商引资质效。进一步完善全员招商工作体系，升级加力三个招商团队任务目标，周推动、月分析、季通报。瞄准高端智能绿色方向，大力开展以商招商、产业链招商、中介机构招商，重点引进龙头项目、链主企业、配套产业，全年 “ 走出去 ” 招商活动不少于 80 批次。更加主动融入京津冀协同发展，紧盯非首都功能疏解，举办 “ 投资蓟州 · 合作共赢 ” 北京招商推介会，开展高频次上门招商和点对点对接，加快引入智能制造、文化旅游、教育科研、高端康养优质资源。坚持每季度举办项目集中签约仪式，全年签约重点项目 80 个以上，其中北京项目 30 个；,https://www.tjjz.gov.cn/zwgk/ZFGZBG_20201207/202301/t20230106_6070587.html
2023,天津市蓟州区人民政府办公室关于印发天津市蓟州区集体经营性建设用地入市试点工作推进方案的通知_政府办公室_政务公开,天津,,、区商务局、区文化和旅游局、区生态环境局、区城市管理委、区司法局、区委网信办、区政务服务办、区金融局、区土地整理中心等职能部门主要负责同志，以及各乡镇党委书记为成员。 领导小组 主要职责： 落实中央关于集体经营性建设用地入市试点工作的有关要求，按照自然资源部和天津市工作部署，指导和统筹集体经营性建设用地入市试点工作的组织实施，定期或不定期召开会议，审议和研究入市试点工作的重大政策、重大问题和年度工作安排等，协调有关重要事项。 领导小组下设办公室，办公室设在市规划和自然资源局蓟州分局，办公室主任由分管副区长兼任，办公室副,https://www.tjjz.gov.cn/zwgk/zcwj/qjwj/qjjg/zfbgs2/202307/t20230727_6363632.html
2023,文化和旅游局_天津市蓟州区人民政府,天津,,文化和旅游局_天津市蓟州区人民政府 2020 年 05 月 24 日 星期 日 中文域名：天津市蓟州区人民政府办公室.政务 简体 | 繁体 无障碍 无障碍 长者模式 长者模式 关爱版 首页 走进蓟州 新闻中心 政务公开 政务服务 政民互动 专题专栏 区级机关 政府办公室 发展改,https://www.tjjz.gov.cn/zwgk/zcwj/qjwj/qjjg/whhlyj2/
2023,文化和旅游局_天津市蓟州区人民政府,天津,,文化和旅游局_天津市蓟州区人民政府 2020 年 05 月 24 日 星期 日 中文域名：天津市蓟州区人民政府办公室.政务 简体 | 繁体 无障碍 无障碍 长者模式 长者模式 关爱版 首页 走进蓟州 新闻中心 政务公开 政务服务 政民互动 专题专栏 区级机关 政府办公室 发展改革委 住房建设委 城市管理委 农业农村委 卫生健康委 政务服务办 投资促进局,https://www.tjjz.gov.cn/zwgk/zcwj/qjwj/qjjg/whhlyj2/
2023,文化和旅游局_天津市蓟州区人民政府,天津,,局 消防救援局 档案局 残联 开发区管委会 水产中心 种植中心 农村社会事业中心 粮食中心 畜牧中心 国资委 文化和旅游局 more + 当前位置： 关于印发《蓟州区文化设施布局规划（文旅融合）》（2021-2035年）的通知 2023-12-18 关于印发《天津市蓟州区文化和旅游发展“十四五”规划》的通知 2021-11-18 市政府部门网站 市国动办 市发展改革委 市民族宗教委 市工业和信息化局 市科技局 市教委 市司法局 市民政局 市公安局 市规划和自然资源局 市人社局 市财政局 市城市管理委 市住房城乡建设委 ,https://www.tjjz.gov.cn/zwgk/zcwj/qjwj/qjjg/whhlyj2/
2023,文化和旅游局_天津市蓟州区人民政府,河北,, 市交通运输委 市退役军人事务局 市卫生健康委 市文化和旅游局 市市场监管委 市外办 市审计局 市应急局 市医保局 市统计局 市体育局 市国资委 市信访办 市机关事务管理局 市金融局 市政务服务办 市消防救援总队 市知识产权局 市粮食和物资储备局 区政府网站 河北区 和平区 滨海新区 红桥区 南开区 河东区 河西区 津南区 西青区 东丽区 静海区 宝坻区 武清区 北辰区 宁河区 有关单位 市高法 市政协 市人大 市残联 市妇联 市地震局 市检察院 天津日报 人民网天津频道 中国文明网 北方网 天津电视台 今晚报 网站地,https://www.tjjz.gov.cn/zwgk/zcwj/qjwj/qjjg/whhlyj2/
2023,转发关于天津市新冠病毒感染“乙类乙管”实施方案_卫生健康委_政务公开,天津,,进出港保障流程。各航司继续做好机上防疫，乘客乘机时须佩戴口罩。进一步优化复工复产、商务、留学、探亲、团聚等外籍人士来华安排，提供相应签证便利。逐步恢复水路口岸客运出入境。根据国际疫情形势和各方便服务保障能力，有序恢复中国公民出境旅游。 附件： 20230104天津市新冠病毒感染“乙类乙管”实施方案.docx | 政策解读 图解：“乙类乙管”后最新个人防护指南 | 相关政策 | 相关报道 网站地图 | 联系我们 | 法律声明 | 使用帮助 主办：天津市蓟州区人民政府 版权所有© 网站标识码:1202250001 津ICP,https://www.tjjz.gov.cn/zwgk/zcwj/qjwj/qjjg/wsjkw2/202302/t20230224_6120803.html
2023,转发关于天津市新冠病毒感染“乙类乙管”实施方案_卫生健康委_政务公开,天津,,各方便服务保障能力，有序恢复中国公民出境旅游。 附件： 20230104天津市新冠病毒感染“乙类乙管”实施方案.docx | 政策解读 图解：“乙类乙管”后最新个人防护指南 | 相关政策 | 相关报道 网站地图 | 联系我们 | 法律声明 | 使用帮助 主办：天津市蓟州区人民政府 版权所有© 网站标识码:1202250001 津ICP备17006421号 津公网安备12022502000073号 系统检测到您正在使用ie11以下内核的浏览器，不能实现完美体验，请更换或升级浏览器访问！ 网站地图 | 联系我们 | 法律声,https://www.tjjz.gov.cn/zwgk/zcwj/qjwj/qjjg/wsjkw2/202302/t20230224_6120803.html
2024,关于印发《天津市蓟州区2024年度生态文明 建设工作计划》的通知_生态环境局_政务公开,天津,,排放单位开展碳排放报告、核查与碳交易。以污水处理等领域为重点，控制甲烷排放， 推进温室气体管控。推进工业园区建设，以京津州河科技（开发区）产业园为核心，依托现有产业基础，培育龙头企业，推进产业示范、加快推进能源优化，提升园区清洁生产水平，力争 2025 年创成天津市级科技产业园。（责任单位：区生态环境局、区发展改革委、区工业和信息化局、政务服务办、开发区管委会按职责分工负责） 5. 打造生态服务产业。争创 1 个全国乡村旅游重点镇， 1 个全国乡村旅游重点村，年内再建 80 户精品民宿；打造郭家沟景区“蓟州水乡，山中不,https://www.tjjz.gov.cn/zwgk/zcwj/qjwj/qjjg/sthjj2/202406/t20240613_6652343.html
2024,关于印发《天津市蓟州区2024年度生态文明 建设工作计划》的通知_生态环境局_政务公开,天津,,。结合蓟州区的自然、文化特色，开展生态文化采风活动，创作生态文化优秀作品。通过注入生态知识，依托蓟州区现有的垃圾焚烧发电厂等再生资源回收利用示范站开展循环经济主题环境教育，依托生态环境局环境监测中心化验室开展污染治理主题环境教育基地、依托八仙山国家级自然保护区天津市青少年生态文明教育实践基地开展生态保护主体环境教育。（责任单位：区文旅局、区文联、区生态环境局、区城市管理委、八仙山国家级自然保护区管理服务中心按职责分工负责） 16. 搞活生态文化宣传教育。充分利用“世界环境日”“国际无废日”“国际生物多样性日”“绿色低碳,https://www.tjjz.gov.cn/zwgk/zcwj/qjwj/qjjg/sthjj2/202406/t20240613_6652343.html
2024,关于印发《天津市蓟州区2024年度生态文明 建设工作计划》的通知_生态环境局_政务公开,天津,,24 年 区水务局 3 防洪工程 （ 1 ）实施下营镇常州村山洪沟治理工程。（ 2 ）实施三八水库泄洪道治理工程。（ 3 ）实施光明路及长城路雨水管网改造工程。 下营镇常州村、三八水库、城区内 2024 年 区水务局 4 自然保护区建设及生物多样性保护项目 与天津师范大学合作开展野生动物红外监测保护工作。 （ 2 ）名木古树复查工作：对盘山景区内 429 株挂牌名木古树，进行现场踏勘巡护管理，发现异常及时救治。 盘山风景名胜区 2020-2025 盘山（长城）管理服务中心 5 自然保护区建设及生物多样性保护项目 继续开,https://www.tjjz.gov.cn/zwgk/zcwj/qjwj/qjjg/sthjj2/202406/t20240613_6652343.html
2024,关于印发《天津市蓟州区2024年度生态文明 建设工作计划》的通知_生态环境局_政务公开,京津,,赋能旅游，艺术体育点亮乡村，重点做好文商体旅融合发展。在文旅融合方面，实施“艺术家村长”计划，打造一批艺术村、摄影村；举办文化大师课，以及系列艺术节、音乐节和体育赛事。体旅融合方面，打造集潮玩互动、运动赛事、生态体验和高山运动为一体的毛家峪潮玩谷项目；继续举办京津冀山地公路自行车赛、京津冀第二届下营镇“村马”等体旅活动。商旅融合方面，加快建设古城、新城、盘山等活力商圈，打造 3—5 家乡村网红大集。农旅融合方面，重点打造官庄、穿芳峪、下营 3 个乡村旅游示范片区，丰富红香酥梨园、楠山御林家庭农场等农旅结合功能区，规范刘,https://www.tjjz.gov.cn/zwgk/zcwj/qjwj/qjjg/sthjj2/202406/t20240613_6652343.html
2024,关于印发《天津市蓟州区2024年度生态文明 建设工作计划》的通知_生态环境局_政务公开,京津,,村，重点做好文商体旅融合发展。在文旅融合方面，实施“艺术家村长”计划，打造一批艺术村、摄影村；举办文化大师课，以及系列艺术节、音乐节和体育赛事。体旅融合方面，打造集潮玩互动、运动赛事、生态体验和高山运动为一体的毛家峪潮玩谷项目；继续举办京津冀山地公路自行车赛、京津冀第二届下营镇“村马”等体旅活动。商旅融合方面，加快建设古城、新城、盘山等活力商圈，打造 3—5 家乡村网红大集。农旅融合方面，重点打造官庄、穿芳峪、下营 3 个乡村旅游示范片区，丰富红香酥梨园、楠山御林家庭农场等农旅结合功能区，规范刘庄户芳草园、津围北二线山,https://www.tjjz.gov.cn/zwgk/zcwj/qjwj/qjjg/sthjj2/202406/t20240613_6652343.html
2024,关于印发《天津市蓟州区2024年度生态文明 建设工作计划》的通知_生态环境局_政务公开,京津冀,,赋能旅游，艺术体育点亮乡村，重点做好文商体旅融合发展。在文旅融合方面，实施“艺术家村长”计划，打造一批艺术村、摄影村；举办文化大师课，以及系列艺术节、音乐节和体育赛事。体旅融合方面，打造集潮玩互动、运动赛事、生态体验和高山运动为一体的毛家峪潮玩谷项目；继续举办京津冀山地公路自行车赛、京津冀第二届下营镇“村马”等体旅活动。商旅融合方面，加快建设古城、新城、盘山等活力商圈，打造 3—5 家乡村网红大集。农旅融合方面，重点打造官庄、穿芳峪、下营 3 个乡村旅游示范片区，丰富红香酥梨园、楠山御林家庭农场等农旅结合功能区，规范刘庄,https://www.tjjz.gov.cn/zwgk/zcwj/qjwj/qjjg/sthjj2/202406/t20240613_6652343.html
2024,关于印发《天津市蓟州区2024年度生态文明 建设工作计划》的通知_生态环境局_政务公开,京津冀,,村，重点做好文商体旅融合发展。在文旅融合方面，实施“艺术家村长”计划，打造一批艺术村、摄影村；举办文化大师课，以及系列艺术节、音乐节和体育赛事。体旅融合方面，打造集潮玩互动、运动赛事、生态体验和高山运动为一体的毛家峪潮玩谷项目；继续举办京津冀山地公路自行车赛、京津冀第二届下营镇“村马”等体旅活动。商旅融合方面，加快建设古城、新城、盘山等活力商圈，打造 3—5 家乡村网红大集。农旅融合方面，重点打造官庄、穿芳峪、下营 3 个乡村旅游示范片区，丰富红香酥梨园、楠山御林家庭农场等农旅结合功能区，规范刘庄户芳草园、津围北二线山货,https://www.tjjz.gov.cn/zwgk/zcwj/qjwj/qjjg/sthjj2/202406/t20240613_6652343.html
2024,关于启动防洪四级应急响应的通知_应急局_政务公开,游客,,受山洪、地质灾害、危房影响人员转移安置工作 ， 最大限度减少灾害损失。城区分部要组织水务、公安、城管、消防等部门加快城区积水排除、交通疏导和下沉地道封闭。农村除涝分部组织落实农田除涝措施。山区景区分部做好山区景区景点、农家院安全防范工作，适时组织关闭，及时疏导游客撤离。交通、公安、住建等部门及时分析研判下沉地道封控、停运、停工形势，做好各项工作。各 有关单位 要多平台、多渠道滚动发布预警、响应信息，督促各级责任人履职尽责，提醒 居 民合理调整出行，减少户外活动，做好自我防护 ， 根据预警，果断自动采取 “关、停、限、避,https://www.tjjz.gov.cn/zwgk/zcwj/qjwj/qjjg/yjj2/202409/t20240925_6739762.html
2024,关于启动防洪四级应急响应（北部山区） 的通知_应急局_政务公开,游客,,强值班值守，保持通讯畅通，加强堤坝巡查防守，提前布防队伍物资，及时封控疏导交通，做好防洪排涝抢险救援准备工作，提前做好受山洪、地质灾害、危房影响人员转移安置工作 ， 最大限度减少灾害损失。山区景区分部做好山区景区景点、农家院安全防范工作，适时组织关闭，及时疏导游客撤离。交通、公安、住建等部门及时分析研判形势，做好各项工作。各 有关单位 要多平台、多渠道滚动发布预警、响应信息，督促各级责任人履职尽责，提醒 居 民合理调整出行，减少户外活动，做好自我防护 ， 根据预警，果断自动采取 “关、停、限、避”措施，全力确保人民群众,https://www.tjjz.gov.cn/zwgk/zcwj/qjwj/qjjg/yjj2/202409/t20240926_6740473.html
2024,关于将区防洪三级应急响应升级为区防洪二级应急响应的通知_应急局_政务公开,天津,, 进一步落实防汛工作各项措施， 及时上岗到位， 做好下沉地道、低洼积水片、排水管网、地下空间、危陋房屋、在建工程、景区景点、水电气网现场防范工作，强化应急值守，保持通讯畅通，加强堤坝巡查防守，提前布防队伍、物资。 附件：蓟州区防洪 Ⅱ 级应急响应措施（摘自 《天津市蓟州区 防汛抗旱应急预案》 ）（ 蓟 州政办规 〔 202 2 〕 1 号 ） 202 4 年 8 月 10 日 （联系人：王文匋；联系电话： 29142040/60819608） （ 此件主动公开） 附件： 蓟汛发11号关于将区防洪三级应急响应升级为区防洪,https://www.tjjz.gov.cn/zwgk/zcwj/qjwj/qjjg/yjj2/202409/t20240926_6740768.html
2024,区科技局 区教育局 区科协关于认定2024-2026年度天津市蓟州区科普基地的通知_科技局_政务公开,天津,,科学精神、传播科学思想、倡导科学方法作出积极贡献。 附件： 202 4-2026年度 天津市 蓟州区 科普基地认定名单 天津市蓟州区科学技术局 天津市蓟州区教育局 天津市蓟州区科学技术协会 2024年1月16日 （此件主动公开） 附件： 2024-2026年度天津市蓟州区科普基地认定名单 序号 科普基地名称 依托单位 1 人工智能教育科普基地 天津市蓟州区翠屏湖中学 2 公众心肺复苏科普基地 天津市蓟州区人民医院 3 黄崖关长城 红色 教育科普基地 天津黄崖关长城旅游有限公司 4 桑梓豆片非遗体验基地 天津利佳奕农业科,https://www.tjjz.gov.cn/zwgk/zcwj/qjwj/qjjg/kjj2/202402/t20240220_6540181.html
2024,区科技局 区教育局 区科协关于认定2024-2026年度天津市蓟州区科普基地的通知_科技局_政务公开,天津,,天津市 蓟州区 科普基地认定名单 天津市蓟州区科学技术局 天津市蓟州区教育局 天津市蓟州区科学技术协会 2024年1月16日 （此件主动公开） 附件： 2024-2026年度天津市蓟州区科普基地认定名单 序号 科普基地名称 依托单位 1 人工智能教育科普基地 天津市蓟州区翠屏湖中学 2 公众心肺复苏科普基地 天津市蓟州区人民医院 3 黄崖关长城 红色 教育科普基地 天津黄崖关长城旅游有限公司 4 桑梓豆片非遗体验基地 天津利佳奕农业科技有限公司 5 科普游子（天津）蓟州研学基地 天津自然游蓟教育科技有限公司 附件： 区,https://www.tjjz.gov.cn/zwgk/zcwj/qjwj/qjjg/kjj2/202402/t20240220_6540181.html
2024,区科技局 区教育局 区科协关于认定2024-2026年度天津市蓟州区科普基地的通知_科技局_政务公开,天津,,技术局 天津市蓟州区教育局 天津市蓟州区科学技术协会 2024年1月16日 （此件主动公开） 附件： 2024-2026年度天津市蓟州区科普基地认定名单 序号 科普基地名称 依托单位 1 人工智能教育科普基地 天津市蓟州区翠屏湖中学 2 公众心肺复苏科普基地 天津市蓟州区人民医院 3 黄崖关长城 红色 教育科普基地 天津黄崖关长城旅游有限公司 4 桑梓豆片非遗体验基地 天津利佳奕农业科技有限公司 5 科普游子（天津）蓟州研学基地 天津自然游蓟教育科技有限公司 附件： 区科技局 区教育局 区科协关于认定2024-2026,https://www.tjjz.gov.cn/zwgk/zcwj/qjwj/qjjg/kjj2/202402/t20240220_6540181.html
2024,区科技局 区教育局 区科协关于认定2024-2026年度天津市蓟州区科普基地的通知_科技局_政务公开,天津,,24年1月16日 （此件主动公开） 附件： 2024-2026年度天津市蓟州区科普基地认定名单 序号 科普基地名称 依托单位 1 人工智能教育科普基地 天津市蓟州区翠屏湖中学 2 公众心肺复苏科普基地 天津市蓟州区人民医院 3 黄崖关长城 红色 教育科普基地 天津黄崖关长城旅游有限公司 4 桑梓豆片非遗体验基地 天津利佳奕农业科技有限公司 5 科普游子（天津）蓟州研学基地 天津自然游蓟教育科技有限公司 附件： 区科技局 区教育局 区科协关于认定2024-2026年度蓟州区科普基地认定通知.doc | 政策解读 | 相关,https://www.tjjz.gov.cn/zwgk/zcwj/qjwj/qjjg/kjj2/202402/t20240220_6540181.html
2024,区科技局 区教育局 区科协关于认定2024-2026年度天津市蓟州区科普基地的通知_科技局_政务公开,天津,,2026年度天津市蓟州区科普基地认定名单 序号 科普基地名称 依托单位 1 人工智能教育科普基地 天津市蓟州区翠屏湖中学 2 公众心肺复苏科普基地 天津市蓟州区人民医院 3 黄崖关长城 红色 教育科普基地 天津黄崖关长城旅游有限公司 4 桑梓豆片非遗体验基地 天津利佳奕农业科技有限公司 5 科普游子（天津）蓟州研学基地 天津自然游蓟教育科技有限公司 附件： 区科技局 区教育局 区科协关于认定2024-2026年度蓟州区科普基地认定通知.doc | 政策解读 | 相关政策 | 相关报道 网站地图 | 联系我们 | 法律声,https://www.tjjz.gov.cn/zwgk/zcwj/qjwj/qjjg/kjj2/202402/t20240220_6540181.html
2024,区科技局 区教育局 区科协关于认定2024-2026年度天津市蓟州区科普基地的通知_科技局_政务公开,天津,,序号 科普基地名称 依托单位 1 人工智能教育科普基地 天津市蓟州区翠屏湖中学 2 公众心肺复苏科普基地 天津市蓟州区人民医院 3 黄崖关长城 红色 教育科普基地 天津黄崖关长城旅游有限公司 4 桑梓豆片非遗体验基地 天津利佳奕农业科技有限公司 5 科普游子（天津）蓟州研学基地 天津自然游蓟教育科技有限公司 附件： 区科技局 区教育局 区科协关于认定2024-2026年度蓟州区科普基地认定通知.doc | 政策解读 | 相关政策 | 相关报道 网站地图 | 联系我们 | 法律声明 | 使用帮助 主办：天津市蓟州区人民政,https://www.tjjz.gov.cn/zwgk/zcwj/qjwj/qjjg/kjj2/202402/t20240220_6540181.html
2024,区科技局 区教育局 区科协关于认定2024-2026年度天津市蓟州区科普基地的通知_科技局_政务公开,天津,,依托单位 1 人工智能教育科普基地 天津市蓟州区翠屏湖中学 2 公众心肺复苏科普基地 天津市蓟州区人民医院 3 黄崖关长城 红色 教育科普基地 天津黄崖关长城旅游有限公司 4 桑梓豆片非遗体验基地 天津利佳奕农业科技有限公司 5 科普游子（天津）蓟州研学基地 天津自然游蓟教育科技有限公司 附件： 区科技局 区教育局 区科协关于认定2024-2026年度蓟州区科普基地认定通知.doc | 政策解读 | 相关政策 | 相关报道 网站地图 | 联系我们 | 法律声明 | 使用帮助 主办：天津市蓟州区人民政府 版权所有© 网站,https://www.tjjz.gov.cn/zwgk/zcwj/qjwj/qjjg/kjj2/202402/t20240220_6540181.html
2024,天津市蓟州区2024年政府工作报告_政府工作报告__天津市蓟州区人民政府,北京,43.6%,。 承接非首都功能疏解见行见效，新注册北京企业 39 家 ， 新落地北京项目 14 个， 任务完成率排名全市前列 。 加快建设首都服务保障基地， 着力构建 “ 早上在田间、晚上到餐桌 ” 的产供销体系， “ 农品进京 ” 销售额 突破 12 亿元 。 更好对接北京超大市场资源， “ 引客入蓟 ” 工程 深入实施 ，中秋、国庆两节期间，北京游客占比达到 43.6% 。 共建京东 “ 黄金走廊 ” 取得积极进展， “ 平蓟三兴 ” 协作 深化拓展，区域一体化迈出坚实一步 。 投资质效明显提升 。 放开准入领域，创新投融资机,https://www.tjjz.gov.cn/zwgk/ZFGZBG_20201207/202401/t20240130_6524881.html
2024,天津市蓟州区2024年政府工作报告_政府工作报告__天津市蓟州区人民政府,北京,43.6%, 14 个， 任务完成率排名全市前列 。 加快建设首都服务保障基地， 着力构建 “ 早上在田间、晚上到餐桌 ” 的产供销体系， “ 农品进京 ” 销售额 突破 12 亿元 。 更好对接北京超大市场资源， “ 引客入蓟 ” 工程 深入实施 ，中秋、国庆两节期间，北京游客占比达到 43.6% 。 共建京东 “ 黄金走廊 ” 取得积极进展， “ 平蓟三兴 ” 协作 深化拓展，区域一体化迈出坚实一步 。 投资质效明显提升 。 放开准入领域，创新投融资机制，投资结构明显优化， 项目建设 提质 提效 。 实施建设 项目 3 22 ,https://www.tjjz.gov.cn/zwgk/ZFGZBG_20201207/202401/t20240130_6524881.html
2024,天津市蓟州区2024年政府工作报告_政府工作报告__天津市蓟州区人民政府,北京,10%, 战略价值和 竞争力。 推动 京津冀协同发展 走深走实 。 高标准规划建设 10 平方公里专业承接平台，启动新城 35 公顷成片开发，积极跟进 北京轨道交通平谷线东延 、 津蓟铁路扩能改造 项目前期。高效承接非首都功能疏解，精准对接优质资源来蓟布局，全年新签约北京项目 30 个以上、新增投资额 20 亿元以上。 增强服务京津都市 “ 菜篮子 ” 保障能力，深入推进 “ 农品进京 ” 工程， 持续加强产供销体系建设 ， 农品在京 销售额增长 10% 以上。 大力 拓展首都文旅市场，扩大京东 “ 文旅圈 ” 合作，接续举办,https://www.tjjz.gov.cn/zwgk/ZFGZBG_20201207/202401/t20240130_6524881.html
2024,天津市蓟州区2024年政府工作报告_政府工作报告__天津市蓟州区人民政府,北京,10%,目 30 个以上、新增投资额 20 亿元以上。 增强服务京津都市 “ 菜篮子 ” 保障能力，深入推进 “ 农品进京 ” 工程， 持续加强产供销体系建设 ， 农品在京 销售额增长 10% 以上。 大力 拓展首都文旅市场，扩大京东 “ 文旅圈 ” 合作，接续举办 北京 旅游专场推介，全面提升 “ 引客入蓟 ” 工程实施效果。 深入 推进 “ 平蓟三兴 ” 、共建京东 “ 黄金走廊 ” 协作 ， 积极融入通州区与北三县一体化高质量发展 。 扩大对内对外开放 。 落实建设全国统一大市场部署任务，实施新版市场准入负面清单， 优化,https://www.tjjz.gov.cn/zwgk/ZFGZBG_20201207/202401/t20240130_6524881.html
2024,天津市蓟州区2024年政府工作报告_政府工作报告__天津市蓟州区人民政府,河北,, 市交通运输委 市退役军人事务局 市卫生健康委 市文化和旅游局 市市场监管委 市外办 市审计局 市应急局 市医保局 市统计局 市体育局 市国资委 市信访办 市机关事务管理局 市金融局 市政务服务办 市消防救援总队 市知识产权局 市粮食和物资储备局 区政府网站 河北区 和平区 滨海新区 红桥区 南开区 河东区 河西区 津南区 西青区 东丽区 静海区 宝坻区 武清区 北辰区 宁河区 有关单位 市高法 市政协 市人大 市残联 市妇联 市地震局 市检察院 天津日报 人民网天津频道 中国文明网 北方网 天津电视台 今晚报 网站地,https://www.tjjz.gov.cn/zwgk/ZFGZBG_20201207/202401/t20240130_6524881.html
2024,天津市蓟州区2024年政府工作报告_政府工作报告__天津市蓟州区人民政府,京津,8.3 %,级旅游休闲街区 。跨境电商加快发展 ， 外贸进出口总额逆势增长 。 金融服务业创新发展， 存贷款余额增长 8.3 % ，盘山金融小镇 投入运营。 （ 二 ） 多重发力、多点支撑 ，发展动力活力明显增强 构筑开放协作新格局，加快各类要素集聚，发展空间积极拓展。 京津冀协同发展迈向纵深 。 制订落实京津冀协同发展走深走实行动方案， “1+4” 工程加快实施。 10 平方公里专业承接 平 台 启动方案编制 ，北京轨道交通平谷线东延纳入 京津冀协同发展重点任务。 承接非首都功能疏解见行见效，新注册北京企业 39 家 ， 新落地,https://www.tjjz.gov.cn/zwgk/ZFGZBG_20201207/202401/t20240130_6524881.html
2024,天津市蓟州区2024年政府工作报告_政府工作报告__天津市蓟州区人民政府,京津,10%,标准规划建设 10 平方公里专业承接平台，启动新城 35 公顷成片开发，积极跟进 北京轨道交通平谷线东延 、 津蓟铁路扩能改造 项目前期。高效承接非首都功能疏解，精准对接优质资源来蓟布局，全年新签约北京项目 30 个以上、新增投资额 20 亿元以上。 增强服务京津都市 “ 菜篮子 ” 保障能力，深入推进 “ 农品进京 ” 工程， 持续加强产供销体系建设 ， 农品在京 销售额增长 10% 以上。 大力 拓展首都文旅市场，扩大京东 “ 文旅圈 ” 合作，接续举办 北京 旅游专场推介，全面提升 “ 引客入蓟 ” 工程实施效果,https://www.tjjz.gov.cn/zwgk/ZFGZBG_20201207/202401/t20240130_6524881.html
2024,天津市蓟州区2024年政府工作报告_政府工作报告__天津市蓟州区人民政府,京津冀,8.3 %,级旅游休闲街区 。跨境电商加快发展 ， 外贸进出口总额逆势增长 。 金融服务业创新发展， 存贷款余额增长 8.3 % ，盘山金融小镇 投入运营。 （ 二 ） 多重发力、多点支撑 ，发展动力活力明显增强 构筑开放协作新格局，加快各类要素集聚，发展空间积极拓展。 京津冀协同发展迈向纵深 。 制订落实京津冀协同发展走深走实行动方案， “1+4” 工程加快实施。 10 平方公里专业承接 平 台 启动方案编制 ，北京轨道交通平谷线东延纳入 京津冀协同发展重点任务。 承接非首都功能疏解见行见效，新注册北京企业 39 家 ， 新落地北,https://www.tjjz.gov.cn/zwgk/ZFGZBG_20201207/202401/t20240130_6524881.html
2024,天津市蓟州区2024年政府工作报告_政府工作报告__天津市蓟州区人民政府,游客,49.6 %,04 家 ，成为 国家文化产业赋能乡村振兴试点 地区 。 加强全域旅游环境建设，提升 打造 津围北二线 “ 网红路 ” 等一批重要节点 ，连续六年被评为中国最美县域。 旅游市场持续升温，举办全国村 BA 、长城国际马拉松等赛事节庆活动 100 余项， 全年接待游客 2363 万人次 ， 实现旅游 综合 收入 191.5 亿元，较历史最好时期增长 49.6 % 。 现代服务业提速发展 。 把扩大消费摆在突出位置 ， 积极培育 新产业新业态， 发展后劲更加充足 。物流产业加快集聚， 仓储设施总面积达到 100 万平方米。 ,https://www.tjjz.gov.cn/zwgk/ZFGZBG_20201207/202401/t20240130_6524881.html
2024,天津市蓟州区2024年政府工作报告_政府工作报告__天津市蓟州区人民政府,游客,43.6%,4 个， 任务完成率排名全市前列 。 加快建设首都服务保障基地， 着力构建 “ 早上在田间、晚上到餐桌 ” 的产供销体系， “ 农品进京 ” 销售额 突破 12 亿元 。 更好对接北京超大市场资源， “ 引客入蓟 ” 工程 深入实施 ，中秋、国庆两节期间，北京游客占比达到 43.6% 。 共建京东 “ 黄金走廊 ” 取得积极进展， “ 平蓟三兴 ” 协作 深化拓展，区域一体化迈出坚实一步 。 投资质效明显提升 。 放开准入领域，创新投融资机制，投资结构明显优化， 项目建设 提质 提效 。 实施建设 项目 3 22 个，,https://www.tjjz.gov.cn/zwgk/ZFGZBG_20201207/202401/t20240130_6524881.html
2024,天津市蓟州区2024年政府工作报告_政府工作报告__天津市蓟州区人民政府,旅游市场,49.6 %,文旅产业融合发展示范区 创建名单 。 获批 3 条全国乡村旅游特色线路， 精品民宿发展到 304 家 ，成为 国家文化产业赋能乡村振兴试点 地区 。 加强全域旅游环境建设，提升 打造 津围北二线 “ 网红路 ” 等一批重要节点 ，连续六年被评为中国最美县域。 旅游市场持续升温，举办全国村 BA 、长城国际马拉松等赛事节庆活动 100 余项， 全年接待游客 2363 万人次 ， 实现旅游 综合 收入 191.5 亿元，较历史最好时期增长 49.6 % 。 现代服务业提速发展 。 把扩大消费摆在突出位置 ， 积极培育 新产业新,https://www.tjjz.gov.cn/zwgk/ZFGZBG_20201207/202401/t20240130_6524881.html
2024,天津市蓟州区2024年政府工作报告_政府工作报告__天津市蓟州区人民政府,引客入蓟,43.6%,行见效，新注册北京企业 39 家 ， 新落地北京项目 14 个， 任务完成率排名全市前列 。 加快建设首都服务保障基地， 着力构建 “ 早上在田间、晚上到餐桌 ” 的产供销体系， “ 农品进京 ” 销售额 突破 12 亿元 。 更好对接北京超大市场资源， “ 引客入蓟 ” 工程 深入实施 ，中秋、国庆两节期间，北京游客占比达到 43.6% 。 共建京东 “ 黄金走廊 ” 取得积极进展， “ 平蓟三兴 ” 协作 深化拓展，区域一体化迈出坚实一步 。 投资质效明显提升 。 放开准入领域，创新投融资机制，投资结构明显优化， 项目,https://www.tjjz.gov.cn/zwgk/ZFGZBG_20201207/202401/t20240130_6524881.html
2024,天津市蓟州区2024年政府工作报告_政府工作报告__天津市蓟州区人民政府,引客入蓟,10%, 亿元以上。 增强服务京津都市 “ 菜篮子 ” 保障能力，深入推进 “ 农品进京 ” 工程， 持续加强产供销体系建设 ， 农品在京 销售额增长 10% 以上。 大力 拓展首都文旅市场，扩大京东 “ 文旅圈 ” 合作，接续举办 北京 旅游专场推介，全面提升 “ 引客入蓟 ” 工程实施效果。 深入 推进 “ 平蓟三兴 ” 、共建京东 “ 黄金走廊 ” 协作 ， 积极融入通州区与北三县一体化高质量发展 。 扩大对内对外开放 。 落实建设全国统一大市场部署任务，实施新版市场准入负面清单， 优化 要素市场化配置。深化国内招商协作， ,https://www.tjjz.gov.cn/zwgk/ZFGZBG_20201207/202401/t20240130_6524881.html
2024,科技局_天津市蓟州区人民政府,天津,,退役军人事务局 医保局 审计局 司法局 科技局 统计局 体育局 消防救援局 档案局 残联 开发区管委会 水产中心 种植中心 农村社会事业中心 粮食中心 畜牧中心 国资委 科技局 more + 当前位置： 区科技局 区教育局 区科协关于认定2024-2026年度天津市蓟州区科普基地的... 2024-01-16 关于印发《蓟州区科普基地认定管理办法》的通知 2023-09-15 区科技局 区教育局 区科协关于认定 蓟州溶洞科普旅游基地等5家单... 2023-02-06 区科技局 区教育局 区科协关于认定蓟州区青少年科技,https://www.tjjz.gov.cn/zwgk/zcwj/qjwj/qjjg/kjj2/
2024,蓟州区2024年数据工作要点_发展改革委_政务公开,游客,,基础设施智能化升级， 加快 恒康养老集团数字化应用场景建设，打造以第二养老服务中心为核心辐射周边的康养产业应用新场景，拓展社区养老、旅居养老服务新功能。 强化智慧景区建设 ， 积极推广预约购票、刷脸支付等数字应用技术，准确核定最大承载量，简化预约程序，不断满足游客参观游览需求 。 依托 “ 云尚蓟州 ” 数字文化旅游服务平台、蓟州电商服务基地，培育云旅游、云直播、云购物，发展线上数字化体验产品 。 发挥蓟州智慧旅游大数据中心作用，为旅游管理、市场营销提供数据支撑。 打造数字文化服务体系，进一步完善蓟州公共文化云平台和数,https://www.tjjz.gov.cn/zwgk/zcwj/qjwj/qjjg/fzggw2/202408/t20240802_6691062.html
2025,关于印发《天津市蓟州区2025年度生态文明建设工作计划》的通知_生态环境局_政务公开,天津,98%,心、区文化和旅游局按职责分工负责 ） 5. 推进生态工业建设。打造开发区绿色园区，鼓励企业开发利用可再生能源，加快工业分布式能源中心建设，在京津州河科技产业园或企业探索实施煤改气或可再生能源替代化石能源，推广绿色照明，力争 2025 年将京津州河科技产业园创成天津市级科技产业园。推动绿色制造体系建设，推广应用先进、适用的节能低碳技术和装备，推荐企业申报市级绿色工厂，指导申报市级绿色供应链企业。进一步提高工业固体废物的综合利用率，督促国能电厂、大唐电厂实现一般工业固体废物综合利用率达到 98% 以上的目标。积极对接引进绿,https://www.tjjz.gov.cn/zwgk/zcwj/qjwj/qjjg/sthjj2/202505/t20250529_6943031.html
2025,关于印发《天津市蓟州区2025年度生态文明建设工作计划》的通知_生态环境局_政务公开,天津,,。结合蓟州区的自然、文化特色，开展生态文化采风活动，创作生态文化优秀作品。通过注入生态知识，依托蓟州区现有的垃圾焚烧发电厂等再生资源回收利用示范站开展循环经济主题环境教育，依托生态环境局环境监测中心化验室开展污染治理主题环境教育基地、依托八仙山国家级自然保护区天津市青少年生态文明教育实践基地开展生态保护主体环境教育。办好镇村农文体节庆活动，推进移风易俗示范拓面，展现新时代乡村风貌。创新实施文化惠民工程，持续推进文化“三下乡”工作，创作群众喜爱、反映新时代蓟州风貌的文艺精品。（ 责任单位：区文旅局、区文联、区生态环境局、,https://www.tjjz.gov.cn/zwgk/zcwj/qjwj/qjjg/sthjj2/202505/t20250529_6943031.html
2025,关于印发《天津市蓟州区2025年度生态文明建设工作计划》的通知_生态环境局_政务公开,天津,,个库区村实施沟渠治理、亮化、美化、硬化等基础设施提升改造工程。 库区村、北部山区 2025 年 区水务局 3 防洪工程 实施山洪沟治理一期和二期工程，治理山洪沟道共计 32 条。 部分山区镇乡 2025 年 区水务局 4 自然保护区建设及生物多样性保护项目 与天津师范大学合作开展野生动物红外监测保护工作。 （ 2 ）名木古树复查工作：对盘山景区内 429 株挂牌名木古树，进行现场踏勘巡护管理，发现异常及时救治。 盘山风景名胜区 2020-2025 年 盘山（长城）管理服务中心 5 自然保护区建设及生物多样性保护项目 继,https://www.tjjz.gov.cn/zwgk/zcwj/qjwj/qjjg/sthjj2/202505/t20250529_6943031.html
2025,关于印发《天津市蓟州区2025年度生态文明建设工作计划》的通知_生态环境局_政务公开,天津,,成 6 处“口袋公园”建设。 蓟州城区 2025 年 区城市管理委 环境质量提升 8 农村黑臭水体治理工程 完成下窝头镇、出头岭镇、穿芳峪镇 7 个黑臭水体治理工程。 蓟州区 2025 年 区生态环境局 9 提升面源管控水平 开展畜禽养殖业氨排放控制试点。推动天津市广玲畜禽养殖有限公司、天津文泉畜禽养殖有限公司、天津市蓟牧润兴生猪养殖中心等 3 家畜禽养殖场开展氨排放控制设施建设。 蓟州区 2025 年 区生态环境局、 区农业农村委 生态经济发展 10 全面推进乡村振兴 强化文旅产业、绿色农业联动，加大“农品进京”“引,https://www.tjjz.gov.cn/zwgk/zcwj/qjwj/qjjg/sthjj2/202505/t20250529_6943031.html
2025,关于印发《天津市蓟州区2025年度生态文明建设工作计划》的通知_生态环境局_政务公开,天津,, 蓟州城区 2025 年 区城市管理委 环境质量提升 8 农村黑臭水体治理工程 完成下窝头镇、出头岭镇、穿芳峪镇 7 个黑臭水体治理工程。 蓟州区 2025 年 区生态环境局 9 提升面源管控水平 开展畜禽养殖业氨排放控制试点。推动天津市广玲畜禽养殖有限公司、天津文泉畜禽养殖有限公司、天津市蓟牧润兴生猪养殖中心等 3 家畜禽养殖场开展氨排放控制设施建设。 蓟州区 2025 年 区生态环境局、 区农业农村委 生态经济发展 10 全面推进乡村振兴 强化文旅产业、绿色农业联动，加大“农品进京”“引客入蓟”工作力度，持续打响蓟,https://www.tjjz.gov.cn/zwgk/zcwj/qjwj/qjjg/sthjj2/202505/t20250529_6943031.html
2025,关于印发《天津市蓟州区2025年度生态文明建设工作计划》的通知_生态环境局_政务公开,天津,,区城市管理委 环境质量提升 8 农村黑臭水体治理工程 完成下窝头镇、出头岭镇、穿芳峪镇 7 个黑臭水体治理工程。 蓟州区 2025 年 区生态环境局 9 提升面源管控水平 开展畜禽养殖业氨排放控制试点。推动天津市广玲畜禽养殖有限公司、天津文泉畜禽养殖有限公司、天津市蓟牧润兴生猪养殖中心等 3 家畜禽养殖场开展氨排放控制设施建设。 蓟州区 2025 年 区生态环境局、 区农业农村委 生态经济发展 10 全面推进乡村振兴 强化文旅产业、绿色农业联动，加大“农品进京”“引客入蓟”工作力度，持续打响蓟州文旅、蓟州农品品牌。全年,https://www.tjjz.gov.cn/zwgk/zcwj/qjwj/qjjg/sthjj2/202505/t20250529_6943031.html
2025,关于印发《天津市蓟州区2025年度生态文明建设工作计划》的通知_生态环境局_政务公开,京津,,动，加大“农品进京”“引客入蓟”工作力度，持续打响蓟州文旅、蓟州农品品牌。（ 责任单位：区农业农村委、区商务局、区绿食中心、区文化和旅游局按职责分工负责 ） 5. 推进生态工业建设。打造开发区绿色园区，鼓励企业开发利用可再生能源，加快工业分布式能源中心建设，在京津州河科技产业园或企业探索实施煤改气或可再生能源替代化石能源，推广绿色照明，力争 2025 年将京津州河科技产业园创成天津市级科技产业园。推动绿色制造体系建设，推广应用先进、适用的节能低碳技术和装备，推荐企业申报市级绿色工厂，指导申报市级绿色供应链企业。进一步提,https://www.tjjz.gov.cn/zwgk/zcwj/qjwj/qjjg/sthjj2/202505/t20250529_6943031.html
2025,关于印发《天津市蓟州区2025年度生态文明建设工作计划》的通知_生态环境局_政务公开,京津,98%,委、区商务局、区绿食中心、区文化和旅游局按职责分工负责 ） 5. 推进生态工业建设。打造开发区绿色园区，鼓励企业开发利用可再生能源，加快工业分布式能源中心建设，在京津州河科技产业园或企业探索实施煤改气或可再生能源替代化石能源，推广绿色照明，力争 2025 年将京津州河科技产业园创成天津市级科技产业园。推动绿色制造体系建设，推广应用先进、适用的节能低碳技术和装备，推荐企业申报市级绿色工厂，指导申报市级绿色供应链企业。进一步提高工业固体废物的综合利用率，督促国能电厂、大唐电厂实现一般工业固体废物综合利用率达到 98% 以上,https://www.tjjz.gov.cn/zwgk/zcwj/qjwj/qjjg/sthjj2/202505/t20250529_6943031.html
2025,关于印发《天津市蓟州区2025年度生态文明建设工作计划》的通知_生态环境局_政务公开,京津,,商务局、区文化和旅游局、区投资促进局、区工业和信息化局、广成集团按职责分工负责 ） 7. 推进产业融合发展。围绕“激情冰雪、山花烂漫、清凉一夏、枫韵流丹”主题，策划四季蓟州文旅活动，推出春赏花、夏戏水、秋观叶、冬滑雪“四季主题”精品线路。强化区域联动营销，推出京津冀精品旅游线路，借助传统文化、红色文化、田园文化、冰雪文化等资源，促进文旅融合、体旅融合、农旅融合。引导跨境商品、家电家居以旧换新、老字号、进口免税商品等进入景区和民宿，打造一刻钟便民生活圈，促进商旅融合。加快推进潮玩谷二期等户外文旅项目建设，完善冰雪经济产业,https://www.tjjz.gov.cn/zwgk/zcwj/qjwj/qjjg/sthjj2/202505/t20250529_6943031.html
2025,关于印发《天津市蓟州区2025年度生态文明建设工作计划》的通知_生态环境局_政务公开,京津,,首秀、首展、首演等业态场景。稳步推进黄崖关长城国家 5A 景区创建，推动 2 家景区升级 3A 。（ 责任单位：区文旅局、区商务局、区农业农村委、区住建委、旅游集团按职责分工负责 ） （三）维育生态环境体系，提升津京生态涵养区服务 8. 持续改善大气环境。落实京津冀及周边地区大气污染防治强化管控和区域联防联控措施。以降低细颗粒物（ PM2.5 ）浓度为主线，强化氮氧化物（ NOx ）和挥发性有机物（ VOCs ）等重点污染物减排，持续推动火电、垃圾焚烧、平板玻璃等重点行业企业达到绩效 A 级水平，推动 C 、 D 级企,https://www.tjjz.gov.cn/zwgk/zcwj/qjwj/qjjg/sthjj2/202505/t20250529_6943031.html
2025,关于印发《天津市蓟州区2025年度生态文明建设工作计划》的通知_生态环境局_政务公开,京津冀,,商务局、区文化和旅游局、区投资促进局、区工业和信息化局、广成集团按职责分工负责 ） 7. 推进产业融合发展。围绕“激情冰雪、山花烂漫、清凉一夏、枫韵流丹”主题，策划四季蓟州文旅活动，推出春赏花、夏戏水、秋观叶、冬滑雪“四季主题”精品线路。强化区域联动营销，推出京津冀精品旅游线路，借助传统文化、红色文化、田园文化、冰雪文化等资源，促进文旅融合、体旅融合、农旅融合。引导跨境商品、家电家居以旧换新、老字号、进口免税商品等进入景区和民宿，打造一刻钟便民生活圈，促进商旅融合。加快推进潮玩谷二期等户外文旅项目建设，完善冰雪经济产业链,https://www.tjjz.gov.cn/zwgk/zcwj/qjwj/qjjg/sthjj2/202505/t20250529_6943031.html
2025,关于印发《天津市蓟州区2025年度生态文明建设工作计划》的通知_生态环境局_政务公开,京津冀,,首秀、首展、首演等业态场景。稳步推进黄崖关长城国家 5A 景区创建，推动 2 家景区升级 3A 。（ 责任单位：区文旅局、区商务局、区农业农村委、区住建委、旅游集团按职责分工负责 ） （三）维育生态环境体系，提升津京生态涵养区服务 8. 持续改善大气环境。落实京津冀及周边地区大气污染防治强化管控和区域联防联控措施。以降低细颗粒物（ PM2.5 ）浓度为主线，强化氮氧化物（ NOx ）和挥发性有机物（ VOCs ）等重点污染物减排，持续推动火电、垃圾焚烧、平板玻璃等重点行业企业达到绩效 A 级水平，推动 C 、 D 级企业,https://www.tjjz.gov.cn/zwgk/zcwj/qjwj/qjjg/sthjj2/202505/t20250529_6943031.html
2025,关于印发《天津市蓟州区2025年度生态文明建设工作计划》的通知_生态环境局_政务公开,外省市,"10%,55%",制设施建设。 蓟州区 2025 年 区生态环境局、 区农业农村委 生态经济发展 10 全面推进乡村振兴 强化文旅产业、绿色农业联动，加大“农品进京”“引客入蓟”工作力度，持续打响蓟州文旅、蓟州农品品牌。全年 “农品进京”销售额再增长 10% 以上，“引客入蓟”外省市游客占比超过 55% 。 蓟州区 2025 年 区农业农村委、区文化和旅游局、区绿食中心 11 东方伊甸园生态教育国际生活示范区项目 运用新能源技术创新，结合特殊地形地貌，将废弃矿坑变废为宝，打造成国际低碳环保绿色小镇和伊甸园乐园的大型旅游项目，项目建设内容包,https://www.tjjz.gov.cn/zwgk/zcwj/qjwj/qjjg/sthjj2/202505/t20250529_6943031.html
2025,关于印发《天津市蓟州区2025年度生态文明建设工作计划》的通知_生态环境局_政务公开,外省,"10%,55%",制设施建设。 蓟州区 2025 年 区生态环境局、 区农业农村委 生态经济发展 10 全面推进乡村振兴 强化文旅产业、绿色农业联动，加大“农品进京”“引客入蓟”工作力度，持续打响蓟州文旅、蓟州农品品牌。全年 “农品进京”销售额再增长 10% 以上，“引客入蓟”外省市游客占比超过 55% 。 蓟州区 2025 年 区农业农村委、区文化和旅游局、区绿食中心 11 东方伊甸园生态教育国际生活示范区项目 运用新能源技术创新，结合特殊地形地貌，将废弃矿坑变废为宝，打造成国际低碳环保绿色小镇和伊甸园乐园的大型旅游项目，项目建设内容,https://www.tjjz.gov.cn/zwgk/zcwj/qjwj/qjjg/sthjj2/202505/t20250529_6943031.html
2025,关于印发《天津市蓟州区2025年度生态文明建设工作计划》的通知_生态环境局_政务公开,游客,"10%,55%",建设。 蓟州区 2025 年 区生态环境局、 区农业农村委 生态经济发展 10 全面推进乡村振兴 强化文旅产业、绿色农业联动，加大“农品进京”“引客入蓟”工作力度，持续打响蓟州文旅、蓟州农品品牌。全年 “农品进京”销售额再增长 10% 以上，“引客入蓟”外省市游客占比超过 55% 。 蓟州区 2025 年 区农业农村委、区文化和旅游局、区绿食中心 11 东方伊甸园生态教育国际生活示范区项目 运用新能源技术创新，结合特殊地形地貌，将废弃矿坑变废为宝，打造成国际低碳环保绿色小镇和伊甸园乐园的大型旅游项目，项目建设内容包括商,https://www.tjjz.gov.cn/zwgk/zcwj/qjwj/qjjg/sthjj2/202505/t20250529_6943031.html
2025,关于印发《天津市蓟州区2025年度生态文明建设工作计划》的通知_生态环境局_政务公开,引客入蓟,,收利用。积极开展农作物机械化还田、离田作业，推动水稻、小麦、玉米等主要农作物秸秆综合利用工作。实行品牌动态管理，全区“津农精品”品牌数量保持在 24 个以上。以满足都市人群对绿色健康、现代时尚的消费需求为主攻方向，强化文旅产业、绿色农业联动，加大“农品进京”“引客入蓟”工作力度，持续打响蓟州文旅、蓟州农品品牌。（ 责任单位：区农业农村委、区商务局、区绿食中心、区文化和旅游局按职责分工负责 ） 5. 推进生态工业建设。打造开发区绿色园区，鼓励企业开发利用可再生能源，加快工业分布式能源中心建设，在京津州河科技产业园或企业探索实,https://www.tjjz.gov.cn/zwgk/zcwj/qjwj/qjjg/sthjj2/202505/t20250529_6943031.html
2025,关于印发《天津市蓟州区2025年度生态文明建设工作计划》的通知_生态环境局_政务公开,引客入蓟,"10%,55%",津市广玲畜禽养殖有限公司、天津文泉畜禽养殖有限公司、天津市蓟牧润兴生猪养殖中心等 3 家畜禽养殖场开展氨排放控制设施建设。 蓟州区 2025 年 区生态环境局、 区农业农村委 生态经济发展 10 全面推进乡村振兴 强化文旅产业、绿色农业联动，加大“农品进京”“引客入蓟”工作力度，持续打响蓟州文旅、蓟州农品品牌。全年 “农品进京”销售额再增长 10% 以上，“引客入蓟”外省市游客占比超过 55% 。 蓟州区 2025 年 区农业农村委、区文化和旅游局、区绿食中心 11 东方伊甸园生态教育国际生活示范区项目 运用新能源技术创新,https://www.tjjz.gov.cn/zwgk/zcwj/qjwj/qjjg/sthjj2/202505/t20250529_6943031.html
2025,关于印发《天津市蓟州区2025年度生态文明建设工作计划》的通知_生态环境局_政务公开,引客入蓟,"10%,55%",展氨排放控制设施建设。 蓟州区 2025 年 区生态环境局、 区农业农村委 生态经济发展 10 全面推进乡村振兴 强化文旅产业、绿色农业联动，加大“农品进京”“引客入蓟”工作力度，持续打响蓟州文旅、蓟州农品品牌。全年 “农品进京”销售额再增长 10% 以上，“引客入蓟”外省市游客占比超过 55% 。 蓟州区 2025 年 区农业农村委、区文化和旅游局、区绿食中心 11 东方伊甸园生态教育国际生活示范区项目 运用新能源技术创新，结合特殊地形地貌，将废弃矿坑变废为宝，打造成国际低碳环保绿色小镇和伊甸园乐园的大型旅游项目，项目建,https://www.tjjz.gov.cn/zwgk/zcwj/qjwj/qjjg/sthjj2/202505/t20250529_6943031.html
2025,区发展改革委关于开展国有景区门票及交通工具价格评估工作的通知_发展改革委_政务公开,天津,,区发展改革委关于开展国有景区门票及交通工具价格评估工作的通知_发展改革委_政务公开 天津市蓟州区人民政府 2019年12月3日星期二 无障碍 无障碍 简体 | 繁体 长者模式 长者模式 政务公开 > 政策文件 > 区级文件 > 发展改革委 名 称 ： 区发展改革委关于开展国有景区门票及交通工具价格评估工作的通知 索 引 号 ： 111202250,https://www.tjjz.gov.cn/zwgk/zcwj/qjwj/qjjg/fzggw2/202507/t20250702_6971555.html
2025,区发展改革委关于开展国有景区门票及交通工具价格评估工作的通知_发展改革委_政务公开,天津,,简体 | 繁体 长者模式 长者模式 政务公开 > 政策文件 > 区级文件 > 发展改革委 名 称 ： 区发展改革委关于开展国有景区门票及交通工具价格评估工作的通知 索 引 号 ： 111202250002088058/2025-00002 发 布 机 构 ： 天津市蓟州区发展和改革委员会 发 文 字 号 ： 蓟发改价〔2025〕3号 主 题 ： 国民经济和社会发展\物价 成 文 日 期 ： 发 文 日 期 ： 有 效 性 ： 有效 各有关单位： 根据《关于完善国有景区门票价格形成机制 降低重点国有景区门票价格的指导意见,https://www.tjjz.gov.cn/zwgk/zcwj/qjwj/qjjg/fzggw2/202507/t20250702_6971555.html
2025,区发展改革委关于开展国有景区门票及交通工具价格评估工作的通知_发展改革委_政务公开,天津,,革委、区市场监管局将采取明察、暗访形式，加强对景区门票及游览服务价格的监督检查，督促景区依法、诚信、规范经营，严格执行各项政策。 2025年6月17日 附件： | 政策解读 | 相关政策 | 相关报道 网站地图 | 联系我们 | 法律声明 | 使用帮助 主办：天津市蓟州区人民政府 版权所有© 网站标识码:1202250001 津ICP备17006421号 津公网安备12022502000073号 系统检测到您正在使用ie11以下内核的浏览器，不能实现完美体验，请更换或升级浏览器访问！ 网站地图 | 联系我们 | 法律声,https://www.tjjz.gov.cn/zwgk/zcwj/qjwj/qjjg/fzggw2/202507/t20250702_6971555.html
2025,区发展改革委关于核定天津黄崖关长城景区旅游观光车收费标准的通知_发展改革委_政务公开,天津,,区发展改革委关于核定天津黄崖关长城景区旅游观光车收费标准的通知_发展改革委_政务公开 天津市蓟州区人民政府 2019年12月3日星期二 无障碍 无障碍 简体 | 繁体 长者模式 长者模式 政务公开 > 政策文件 > 区级文件 > 发展改革委 名 称 ： 区发展改革委关于核定天津黄崖关,https://www.tjjz.gov.cn/zwgk/zcwj/qjwj/qjjg/fzggw2/202507/t20250702_6971566.html
2025,区发展改革委关于核定天津黄崖关长城景区旅游观光车收费标准的通知_发展改革委_政务公开,天津,,区发展改革委关于核定天津黄崖关长城景区旅游观光车收费标准的通知_发展改革委_政务公开 天津市蓟州区人民政府 2019年12月3日星期二 无障碍 无障碍 简体 | 繁体 长者模式 长者模式 政务公开 > 政策文件 > 区级文件 > 发展改革委 名 称 ： 区发展改革委关于核定天津黄崖关长城景区旅游观光车收费标准的通知 索 引 号 ： 11120225,https://www.tjjz.gov.cn/zwgk/zcwj/qjwj/qjjg/fzggw2/202507/t20250702_6971566.html
2025,区发展改革委关于核定天津黄崖关长城景区旅游观光车收费标准的通知_发展改革委_政务公开,天津,,于核定天津黄崖关长城景区旅游观光车收费标准的通知_发展改革委_政务公开 天津市蓟州区人民政府 2019年12月3日星期二 无障碍 无障碍 简体 | 繁体 长者模式 长者模式 政务公开 > 政策文件 > 区级文件 > 发展改革委 名 称 ： 区发展改革委关于核定天津黄崖关长城景区旅游观光车收费标准的通知 索 引 号 ： 111202250002088058/2025-00003 发 布 机 构 ： 天津市蓟州区发展和改革委员会 发 文 字 号 ： 蓟发改价〔2025〕4号 主 题 ： 国民经济和社会发展\物价 成 文 日,https://www.tjjz.gov.cn/zwgk/zcwj/qjwj/qjjg/fzggw2/202507/t20250702_6971566.html
2025,区发展改革委关于核定天津黄崖关长城景区旅游观光车收费标准的通知_发展改革委_政务公开,天津,,体 | 繁体 长者模式 长者模式 政务公开 > 政策文件 > 区级文件 > 发展改革委 名 称 ： 区发展改革委关于核定天津黄崖关长城景区旅游观光车收费标准的通知 索 引 号 ： 111202250002088058/2025-00003 发 布 机 构 ： 天津市蓟州区发展和改革委员会 发 文 字 号 ： 蓟发改价〔2025〕4号 主 题 ： 国民经济和社会发展\物价 成 文 日 期 ： 发 文 日 期 ： 有 效 性 ： 有效 区发展改革委 关于核定 天津黄崖关长城 景区 旅游 观光车 收费标准 的通知 天津 黄崖,https://www.tjjz.gov.cn/zwgk/zcwj/qjwj/qjjg/fzggw2/202507/t20250702_6971566.html
2025,区发展改革委关于核定天津黄崖关长城景区旅游观光车收费标准的通知_发展改革委_政务公开,天津,,02088058/2025-00003 发 布 机 构 ： 天津市蓟州区发展和改革委员会 发 文 字 号 ： 蓟发改价〔2025〕4号 主 题 ： 国民经济和社会发展\物价 成 文 日 期 ： 发 文 日 期 ： 有 效 性 ： 有效 区发展改革委 关于核定 天津黄崖关长城 景区 旅游 观光车 收费标准 的通知 天津 黄崖关长城 旅游有限公司： 你单位《关于 核定黄崖关长城景区旅游观光车收费标准的 请示》收悉， 依据 《中华人民共和国价格法》 、 《政府制定价格听证办法》 、《政府制定价格行为规则》等 有关规定 ，在 ,https://www.tjjz.gov.cn/zwgk/zcwj/qjwj/qjjg/fzggw2/202507/t20250702_6971566.html
2025,区发展改革委关于核定天津黄崖关长城景区旅游观光车收费标准的通知_发展改革委_政务公开,天津,, ： 天津市蓟州区发展和改革委员会 发 文 字 号 ： 蓟发改价〔2025〕4号 主 题 ： 国民经济和社会发展\物价 成 文 日 期 ： 发 文 日 期 ： 有 效 性 ： 有效 区发展改革委 关于核定 天津黄崖关长城 景区 旅游 观光车 收费标准 的通知 天津 黄崖关长城 旅游有限公司： 你单位《关于 核定黄崖关长城景区旅游观光车收费标准的 请示》收悉， 依据 《中华人民共和国价格法》 、 《政府制定价格听证办法》 、《政府制定价格行为规则》等 有关规定 ，在 对长城景区 2022年至2024年 旅游观光车的实际运,https://www.tjjz.gov.cn/zwgk/zcwj/qjwj/qjjg/fzggw2/202507/t20250702_6971566.html
2025,区发展改革委关于核定天津黄崖关长城景区旅游观光车收费标准的通知_发展改革委_政务公开,天津,,旅游观光车 收费标准 ，自觉接受价格管理部门的监督检查，并向游客做好宣传解释工作。 此收费标准自文件印发之日起执行。 20 25 年 6 月 23 日 附件： | 政策解读 | 相关政策 | 相关报道 网站地图 | 联系我们 | 法律声明 | 使用帮助 主办：天津市蓟州区人民政府 版权所有© 网站标识码:1202250001 津ICP备17006421号 津公网安备12022502000073号 系统检测到您正在使用ie11以下内核的浏览器，不能实现完美体验，请更换或升级浏览器访问！ 网站地图 | 联系我们 | 法律声,https://www.tjjz.gov.cn/zwgk/zcwj/qjwj/qjjg/fzggw2/202507/t20250702_6971566.html
2025,区发展改革委关于核定天津黄崖关长城景区旅游观光车收费标准的通知_发展改革委_政务公开,游客,,标准 的相关问题通知如下： 一、 核定黄崖关长城景区 旅游观光车 自售票大厅至太平寨 单程票价为每人每券 30 元 ，往返每人每券 50元 。 二、景区要认真执行明码标价制度，在售票场所的显著位置公示旅游观光车 收费标准 ，自觉接受价格管理部门的监督检查，并向游客做好宣传解释工作。 此收费标准自文件印发之日起执行。 20 25 年 6 月 23 日 附件： | 政策解读 | 相关政策 | 相关报道 网站地图 | 联系我们 | 法律声明 | 使用帮助 主办：天津市蓟州区人民政府 版权所有© 网站标识码:120225000,https://www.tjjz.gov.cn/zwgk/zcwj/qjwj/qjjg/fzggw2/202507/t20250702_6971566.html
2025,天津市蓟州区2025年政府工作报告_政府工作报告__天津市蓟州区人民政府,北京,165.9%,，更深程度融入京津冀协同发展。 坚持以京津冀协同发展为战略牵引， “1+4” 工程深入实施。初步编制完成 “ 专业化承接平台 ” 规划方案，开发区基础设施全面更新，投资 66.6 亿元的古城新城联动更新项目正式启动，产业导入同步推进。积极争取首都优质资源，新设北京单位在蓟机构 37 个，新落地北京项目投资额完成市下达任务的 165.9% 。完善 “ 农品进京 ” 供应体系，新建区域性直播电商基地，建成联丰预制菜南区等冷链物流项目，开展产需对接活动 40 场次，订单制会员发展到 5000 家。紧密协同首都文旅头部企业，建,https://www.tjjz.gov.cn/zwgk/ZFGZBG_20201207/202501/t20250114_6833334.html
2025,天津市蓟州区2025年政府工作报告_政府工作报告__天津市蓟州区人民政府,北京,165.9%,持以京津冀协同发展为战略牵引， “1+4” 工程深入实施。初步编制完成 “ 专业化承接平台 ” 规划方案，开发区基础设施全面更新，投资 66.6 亿元的古城新城联动更新项目正式启动，产业导入同步推进。积极争取首都优质资源，新设北京单位在蓟机构 37 个，新落地北京项目投资额完成市下达任务的 165.9% 。完善 “ 农品进京 ” 供应体系，新建区域性直播电商基地，建成联丰预制菜南区等冷链物流项目，开展产需对接活动 40 场次，订单制会员发展到 5000 家。紧密协同首都文旅头部企业，建立资源共享、市场互动、客源互推合作,https://www.tjjz.gov.cn/zwgk/ZFGZBG_20201207/202501/t20250114_6833334.html
2025,天津市蓟州区2025年政府工作报告_政府工作报告__天津市蓟州区人民政府,北京,"165.9%,50%",务的 165.9% 。完善 “ 农品进京 ” 供应体系，新建区域性直播电商基地，建成联丰预制菜南区等冷链物流项目，开展产需对接活动 40 场次，订单制会员发展到 5000 家。紧密协同首都文旅头部企业，建立资源共享、市场互动、客源互推合作机制，蓟州文旅首次走进北京颐和园、奥体中心、首都机场等知名地标。中央电视台、新华社等主流媒体刊播发我区报道 1142 条，外省市游客占比超过 50% 。深化 “ 京东黄金走廊 ”“ 平蓟三兴 ” 协作，建立交通、产业、生态等六个一体化机制，多域联动取得新成效。 （四）强基固本、筑牢底线,https://www.tjjz.gov.cn/zwgk/ZFGZBG_20201207/202501/t20250114_6833334.html
2025,天津市蓟州区2025年政府工作报告_政府工作报告__天津市蓟州区人民政府,北京,,优质项目需求为导向，持续深化完善 “ 专业化承接平台 ” 规划方案，启动片区控规编制。发挥开发区、古城、新城等平台载体功能，分片区组织企业握手对接，吸引更多京源企业入驻。谋划设立绿色产业基金，促进创新链产业链人才链协同，助推新质生产力优质企业落地。全年力争新增北京项目投资额 20 亿元以上。 主动服务首都市场需求。以满足都市人群对绿色健康、现代时尚的消费需求为主攻方向，强化文旅产业、绿色农业联动，加大 “ 农品进京 ”“ 引客入蓟 ” 工作力度，持续打响蓟州文旅、蓟州农品品牌。全年 “ 农品进京 ” 销售额再增长 10,https://www.tjjz.gov.cn/zwgk/ZFGZBG_20201207/202501/t20250114_6833334.html
2025,天津市蓟州区2025年政府工作报告_政府工作报告__天津市蓟州区人民政府,北京,55%,引客入蓟 ” 外省市游客占比超过 55% 。 深化区域协同协作。深入落实共建 “ 京东黄金走廊 ” 战略协议，形成一批合作新亮点，更好融入通州区与北三县一体化高质量发展。巩固扩大 “ 平蓟三兴 ” 合作成果，联合创建 “ 美丽中国先行区 ” 建设示范标杆。加快北京轨道交通平谷线东延等重大项目进程，扩大政务服务跨省通办成果，全面深化公共服务、防灾减灾等领域协同。巩固拓展东西部协作，增强受援地区内生发展动力。 创新招商引资思路举措。编制应用区级生产力地图，引领产业链招商，深化以商招商，探索资本招商、场景开放招商等创新模式。,https://www.tjjz.gov.cn/zwgk/ZFGZBG_20201207/202501/t20250114_6833334.html
2025,天津市蓟州区2025年政府工作报告_政府工作报告__天津市蓟州区人民政府,天津,,规划，平津战役前线司令部旧址修缮等国保项目获批实施。文化资源价值进一步释放，长城国家文化公园保护展示、渔阳古街保护更新等活化利用项目加快推进，《遇见 · 蓟州》等系列丛书出版发行，新挖掘非物质文化遗产项目 18 个。文旅融合更加深入，独乐寺成为《黑神话：悟空》天津唯一取景地， “ 蓟州烽火 ” 被列入全市六大红色资源体验线路，国家文旅融合发展示范区建设取得实效。全域旅游加快打造，我区入选全国首批气候康养旅游十强城市，津围北二线入选 “ 行在乡村 游在路上 ” 全国十大最美自驾路，建成球幕飞行影院、潮玩谷旅游度假区等一批,https://www.tjjz.gov.cn/zwgk/ZFGZBG_20201207/202501/t20250114_6833334.html
2025,天津市蓟州区2025年政府工作报告_政府工作报告__天津市蓟州区人民政府,河北,, 市交通运输委 市退役军人事务局 市卫生健康委 市文化和旅游局 市市场监管委 市外办 市审计局 市应急局 市医保局 市统计局 市体育局 市国资委 市信访办 市机关事务管理局 市金融局 市政务服务办 市消防救援总队 市知识产权局 市粮食和物资储备局 区政府网站 河北区 和平区 滨海新区 红桥区 南开区 河东区 河西区 津南区 西青区 东丽区 静海区 宝坻区 武清区 北辰区 宁河区 有关单位 市高法 市政协 市人大 市残联 市妇联 市地震局 市检察院 天津日报 人民网天津频道 中国文明网 北方网 天津电视台 今晚报 网站地,https://www.tjjz.gov.cn/zwgk/ZFGZBG_20201207/202501/t20250114_6833334.html
2025,天津市蓟州区2025年政府工作报告_政府工作报告__天津市蓟州区人民政府,外省市,50%,冷链物流项目，开展产需对接活动 40 场次，订单制会员发展到 5000 家。紧密协同首都文旅头部企业，建立资源共享、市场互动、客源互推合作机制，蓟州文旅首次走进北京颐和园、奥体中心、首都机场等知名地标。中央电视台、新华社等主流媒体刊播发我区报道 1142 条，外省市游客占比超过 50% 。深化 “ 京东黄金走廊 ”“ 平蓟三兴 ” 协作，建立交通、产业、生态等六个一体化机制，多域联动取得新成效。 （四）强基固本、筑牢底线，以高水平安全保障高质量发展。 立足蓟州特殊区情，切实加强自然灾害防治体系建设。成功应对 “8·10”,https://www.tjjz.gov.cn/zwgk/ZFGZBG_20201207/202501/t20250114_6833334.html
2025,天津市蓟州区2025年政府工作报告_政府工作报告__天津市蓟州区人民政府,外省市,"10%,55%",主动服务首都市场需求。以满足都市人群对绿色健康、现代时尚的消费需求为主攻方向，强化文旅产业、绿色农业联动，加大 “ 农品进京 ”“ 引客入蓟 ” 工作力度，持续打响蓟州文旅、蓟州农品品牌。全年 “ 农品进京 ” 销售额再增长 10% 以上， “ 引客入蓟 ” 外省市游客占比超过 55% 。 深化区域协同协作。深入落实共建 “ 京东黄金走廊 ” 战略协议，形成一批合作新亮点，更好融入通州区与北三县一体化高质量发展。巩固扩大 “ 平蓟三兴 ” 合作成果，联合创建 “ 美丽中国先行区 ” 建设示范标杆。加快北京轨道交通平谷线东,https://www.tjjz.gov.cn/zwgk/ZFGZBG_20201207/202501/t20250114_6833334.html
2025,天津市蓟州区2025年政府工作报告_政府工作报告__天津市蓟州区人民政府,外省,50%,冷链物流项目，开展产需对接活动 40 场次，订单制会员发展到 5000 家。紧密协同首都文旅头部企业，建立资源共享、市场互动、客源互推合作机制，蓟州文旅首次走进北京颐和园、奥体中心、首都机场等知名地标。中央电视台、新华社等主流媒体刊播发我区报道 1142 条，外省市游客占比超过 50% 。深化 “ 京东黄金走廊 ”“ 平蓟三兴 ” 协作，建立交通、产业、生态等六个一体化机制，多域联动取得新成效。 （四）强基固本、筑牢底线，以高水平安全保障高质量发展。 立足蓟州特殊区情，切实加强自然灾害防治体系建设。成功应对 “8·10,https://www.tjjz.gov.cn/zwgk/ZFGZBG_20201207/202501/t20250114_6833334.html
2025,天津市蓟州区2025年政府工作报告_政府工作报告__天津市蓟州区人民政府,外省,"10%,55%",主动服务首都市场需求。以满足都市人群对绿色健康、现代时尚的消费需求为主攻方向，强化文旅产业、绿色农业联动，加大 “ 农品进京 ”“ 引客入蓟 ” 工作力度，持续打响蓟州文旅、蓟州农品品牌。全年 “ 农品进京 ” 销售额再增长 10% 以上， “ 引客入蓟 ” 外省市游客占比超过 55% 。 深化区域协同协作。深入落实共建 “ 京东黄金走廊 ” 战略协议，形成一批合作新亮点，更好融入通州区与北三县一体化高质量发展。巩固扩大 “ 平蓟三兴 ” 合作成果，联合创建 “ 美丽中国先行区 ” 建设示范标杆。加快北京轨道交通平谷线,https://www.tjjz.gov.cn/zwgk/ZFGZBG_20201207/202501/t20250114_6833334.html
2025,天津市蓟州区2025年政府工作报告_政府工作报告__天津市蓟州区人民政府,游客,"11.9%,15.4%,100%",体验线路，国家文旅融合发展示范区建设取得实效。全域旅游加快打造，我区入选全国首批气候康养旅游十强城市，津围北二线入选 “ 行在乡村 游在路上 ” 全国十大最美自驾路，建成球幕飞行影院、潮玩谷旅游度假区等一批高品质项目， 40 余项重点文旅活动异彩纷呈。全年接待游客 2643 万人次、实现旅游综合收入 221 亿元，分别增长 11.9% 和 15.4% 。 ——城乡环境持续改善。 污染防治攻坚战深入开展，节能减排减污降碳完成市下达目标，空气环境质量稳居全市首位，地表水监测断面优良水体比例保持 100% ，州河获评全国美丽,https://www.tjjz.gov.cn/zwgk/ZFGZBG_20201207/202501/t20250114_6833334.html
2025,天津市蓟州区2025年政府工作报告_政府工作报告__天津市蓟州区人民政府,游客,50%,流项目，开展产需对接活动 40 场次，订单制会员发展到 5000 家。紧密协同首都文旅头部企业，建立资源共享、市场互动、客源互推合作机制，蓟州文旅首次走进北京颐和园、奥体中心、首都机场等知名地标。中央电视台、新华社等主流媒体刊播发我区报道 1142 条，外省市游客占比超过 50% 。深化 “ 京东黄金走廊 ”“ 平蓟三兴 ” 协作，建立交通、产业、生态等六个一体化机制，多域联动取得新成效。 （四）强基固本、筑牢底线，以高水平安全保障高质量发展。 立足蓟州特殊区情，切实加强自然灾害防治体系建设。成功应对 “8·10” 特,https://www.tjjz.gov.cn/zwgk/ZFGZBG_20201207/202501/t20250114_6833334.html
2025,天津市蓟州区2025年政府工作报告_政府工作报告__天津市蓟州区人民政府,游客,"10%,55%",务首都市场需求。以满足都市人群对绿色健康、现代时尚的消费需求为主攻方向，强化文旅产业、绿色农业联动，加大 “ 农品进京 ”“ 引客入蓟 ” 工作力度，持续打响蓟州文旅、蓟州农品品牌。全年 “ 农品进京 ” 销售额再增长 10% 以上， “ 引客入蓟 ” 外省市游客占比超过 55% 。 深化区域协同协作。深入落实共建 “ 京东黄金走廊 ” 战略协议，形成一批合作新亮点，更好融入通州区与北三县一体化高质量发展。巩固扩大 “ 平蓟三兴 ” 合作成果，联合创建 “ 美丽中国先行区 ” 建设示范标杆。加快北京轨道交通平谷线东延等,https://www.tjjz.gov.cn/zwgk/ZFGZBG_20201207/202501/t20250114_6833334.html
2025,天津市蓟州区2025年政府工作报告_政府工作报告__天津市蓟州区人民政府,客源,"165.9%,50%",，新落地北京项目投资额完成市下达任务的 165.9% 。完善 “ 农品进京 ” 供应体系，新建区域性直播电商基地，建成联丰预制菜南区等冷链物流项目，开展产需对接活动 40 场次，订单制会员发展到 5000 家。紧密协同首都文旅头部企业，建立资源共享、市场互动、客源互推合作机制，蓟州文旅首次走进北京颐和园、奥体中心、首都机场等知名地标。中央电视台、新华社等主流媒体刊播发我区报道 1142 条，外省市游客占比超过 50% 。深化 “ 京东黄金走廊 ”“ 平蓟三兴 ” 协作，建立交通、产业、生态等六个一体化机制，多域联动取得,https://www.tjjz.gov.cn/zwgk/ZFGZBG_20201207/202501/t20250114_6833334.html
2025,天津市蓟州区2025年政府工作报告_政府工作报告__天津市蓟州区人民政府,引客入蓟,"10%,55%",驻。谋划设立绿色产业基金，促进创新链产业链人才链协同，助推新质生产力优质企业落地。全年力争新增北京项目投资额 20 亿元以上。 主动服务首都市场需求。以满足都市人群对绿色健康、现代时尚的消费需求为主攻方向，强化文旅产业、绿色农业联动，加大 “ 农品进京 ”“ 引客入蓟 ” 工作力度，持续打响蓟州文旅、蓟州农品品牌。全年 “ 农品进京 ” 销售额再增长 10% 以上， “ 引客入蓟 ” 外省市游客占比超过 55% 。 深化区域协同协作。深入落实共建 “ 京东黄金走廊 ” 战略协议，形成一批合作新亮点，更好融入通州区与北三县一,https://www.tjjz.gov.cn/zwgk/ZFGZBG_20201207/202501/t20250114_6833334.html
2025,天津市蓟州区2025年政府工作报告_政府工作报告__天津市蓟州区人民政府,引客入蓟,"10%,55%", 亿元以上。 主动服务首都市场需求。以满足都市人群对绿色健康、现代时尚的消费需求为主攻方向，强化文旅产业、绿色农业联动，加大 “ 农品进京 ”“ 引客入蓟 ” 工作力度，持续打响蓟州文旅、蓟州农品品牌。全年 “ 农品进京 ” 销售额再增长 10% 以上， “ 引客入蓟 ” 外省市游客占比超过 55% 。 深化区域协同协作。深入落实共建 “ 京东黄金走廊 ” 战略协议，形成一批合作新亮点，更好融入通州区与北三县一体化高质量发展。巩固扩大 “ 平蓟三兴 ” 合作成果，联合创建 “ 美丽中国先行区 ” 建设示范标杆。加快北京轨道,https://www.tjjz.gov.cn/zwgk/ZFGZBG_20201207/202501/t20250114_6833334.html
2025,天津市蓟州区人民政府关于公布朝阳洞旧石器遗址为区级文物保护单位的通知_区政府_政务公开,天津,,天津市蓟州区人民政府关于公布朝阳洞旧石器遗址为区级文物保护单位的通知_区政府_政务公开 天津市蓟州区人民政府 2019年12月3日星期二 无障碍 无障碍 简体 | 繁体 长者模式 长者模式 政务公开 > 政策文件 > 区级文件 > 区政府 名 称 ： 天津市蓟州区人民政府关于公布朝阳洞旧石器遗址为区级文物保护单位的通知 索 引 号 ： 11120225000208717R/2025-00048 发 布 机 构 ： 天津市蓟州区人民政府 发 文 字 号 ： 蓟州政发〔2025〕1号 主 题 ： 文化旅游\文物 成,https://www.tjjz.gov.cn/zwgk/zcwj/qjwj/qzf2/202512/t20251222_7203940.html
2025,天津市蓟州区人民政府关于公布朝阳洞旧石器遗址为区级文物保护单位的通知_区政府_政务公开,天津,, | 繁体 长者模式 长者模式 政务公开 > 政策文件 > 区级文件 > 区政府 名 称 ： 天津市蓟州区人民政府关于公布朝阳洞旧石器遗址为区级文物保护单位的通知 索 引 号 ： 11120225000208717R/2025-00048 发 布 机 构 ： 天津市蓟州区人民政府 发 文 字 号 ： 蓟州政发〔2025〕1号 主 题 ： 文化旅游\文物 成 文 日 期 ： 发 文 日 期 ： 有 效 性 ： 有效 天津市蓟州区人民政府关于公布 朝阳洞旧石器遗址为区级文物 保护单位的通知 各乡镇人民政府和街道办事处，各委,https://www.tjjz.gov.cn/zwgk/zcwj/qjwj/qzf2/202512/t20251222_7203940.html
2025,天津市蓟州区人民政府关于公布朝阳洞旧石器遗址为区级文物保护单位的通知_区政府_政务公开,天津,,通知 索 引 号 ： 11120225000208717R/2025-00048 发 布 机 构 ： 天津市蓟州区人民政府 发 文 字 号 ： 蓟州政发〔2025〕1号 主 题 ： 文化旅游\文物 成 文 日 期 ： 发 文 日 期 ： 有 效 性 ： 有效 天津市蓟州区人民政府关于公布 朝阳洞旧石器遗址为区级文物 保护单位的通知 各乡镇人民政府和街道办事处，各委、办、局，各直属单位： 为加强我区文物保护工作，传承优秀传统文化，根据《中华人民共和国文物保护法》《天津市文物保护条例》相关规定，经区政府研究，决定将位于我区,https://www.tjjz.gov.cn/zwgk/zcwj/qjwj/qzf2/202512/t20251222_7203940.html
2025,天津市蓟州区人民政府关于李岩等同志任免职的通知_区政府_政务公开,天津,, 有效 天津市蓟州区人民政府 关于李岩等同志任免职的通知 各乡镇人民政府和街道办事处，各委、办、局，各直属单位： 区人民政府决定： 李岩同志任天津市蓟州区人民医院院长（试用期一年）； 康国志、王海英同志任天津市蓟州区人民医院副院长（试用期一年）； 赵小辉同志任天津市蓟州区卫生健康委员会副主任； 陈学英同志任天津市蓟州区卫生监督所所长（兼）； 苏大伟同志任天津市蓟州区住房和建设委员会副主任； 免去： 匡继军同志天津市蓟州区住房和建设委员会副主任职务； 郭久兵同志天津市蓟州区文化和旅游局副局长职务。 天津市蓟州区人民政府 ,https://www.tjjz.gov.cn/zwgk/zcwj/qjwj/qzf2/202504/t20250424_6916874.html
2025,天津市蓟州区人民政府关于李岩等同志任免职的通知_区政府_政务公开,天津,,职的通知 各乡镇人民政府和街道办事处，各委、办、局，各直属单位： 区人民政府决定： 李岩同志任天津市蓟州区人民医院院长（试用期一年）； 康国志、王海英同志任天津市蓟州区人民医院副院长（试用期一年）； 赵小辉同志任天津市蓟州区卫生健康委员会副主任； 陈学英同志任天津市蓟州区卫生监督所所长（兼）； 苏大伟同志任天津市蓟州区住房和建设委员会副主任； 免去： 匡继军同志天津市蓟州区住房和建设委员会副主任职务； 郭久兵同志天津市蓟州区文化和旅游局副局长职务。 天津市蓟州区人民政府 202 5 年 3 月 28 日 （ 此件 主动,https://www.tjjz.gov.cn/zwgk/zcwj/qjwj/qzf2/202504/t20250424_6916874.html
2025,天津市蓟州区人民政府关于李岩等同志任免职的通知_区政府_政务公开,天津,,局，各直属单位： 区人民政府决定： 李岩同志任天津市蓟州区人民医院院长（试用期一年）； 康国志、王海英同志任天津市蓟州区人民医院副院长（试用期一年）； 赵小辉同志任天津市蓟州区卫生健康委员会副主任； 陈学英同志任天津市蓟州区卫生监督所所长（兼）； 苏大伟同志任天津市蓟州区住房和建设委员会副主任； 免去： 匡继军同志天津市蓟州区住房和建设委员会副主任职务； 郭久兵同志天津市蓟州区文化和旅游局副局长职务。 天津市蓟州区人民政府 202 5 年 3 月 28 日 （ 此件 主动 公开 ） 附件： 天津市蓟州区人民政府关于李岩,https://www.tjjz.gov.cn/zwgk/zcwj/qjwj/qzf2/202504/t20250424_6916874.html
2025,天津市蓟州区人民政府关于李岩等同志任免职的通知_区政府_政务公开,天津,,区人民医院院长（试用期一年）； 康国志、王海英同志任天津市蓟州区人民医院副院长（试用期一年）； 赵小辉同志任天津市蓟州区卫生健康委员会副主任； 陈学英同志任天津市蓟州区卫生监督所所长（兼）； 苏大伟同志任天津市蓟州区住房和建设委员会副主任； 免去： 匡继军同志天津市蓟州区住房和建设委员会副主任职务； 郭久兵同志天津市蓟州区文化和旅游局副局长职务。 天津市蓟州区人民政府 202 5 年 3 月 28 日 （ 此件 主动 公开 ） 附件： 天津市蓟州区人民政府关于李岩等同志任免职的通知.docx | 政策解读 | 相关政策,https://www.tjjz.gov.cn/zwgk/zcwj/qjwj/qzf2/202504/t20250424_6916874.html
2025,天津市蓟州区人民政府关于李岩等同志任免职的通知_区政府_政务公开,天津,,天津市蓟州区人民医院副院长（试用期一年）； 赵小辉同志任天津市蓟州区卫生健康委员会副主任； 陈学英同志任天津市蓟州区卫生监督所所长（兼）； 苏大伟同志任天津市蓟州区住房和建设委员会副主任； 免去： 匡继军同志天津市蓟州区住房和建设委员会副主任职务； 郭久兵同志天津市蓟州区文化和旅游局副局长职务。 天津市蓟州区人民政府 202 5 年 3 月 28 日 （ 此件 主动 公开 ） 附件： 天津市蓟州区人民政府关于李岩等同志任免职的通知.docx | 政策解读 | 相关政策 | 相关报道 网站地图 | 联系我们 | 法律声明,https://www.tjjz.gov.cn/zwgk/zcwj/qjwj/qzf2/202504/t20250424_6916874.html
2025,天津市蓟州区人民政府关于李岩等同志任免职的通知_区政府_政务公开,天津,,）； 赵小辉同志任天津市蓟州区卫生健康委员会副主任； 陈学英同志任天津市蓟州区卫生监督所所长（兼）； 苏大伟同志任天津市蓟州区住房和建设委员会副主任； 免去： 匡继军同志天津市蓟州区住房和建设委员会副主任职务； 郭久兵同志天津市蓟州区文化和旅游局副局长职务。 天津市蓟州区人民政府 202 5 年 3 月 28 日 （ 此件 主动 公开 ） 附件： 天津市蓟州区人民政府关于李岩等同志任免职的通知.docx | 政策解读 | 相关政策 | 相关报道 网站地图 | 联系我们 | 法律声明 | 使用帮助 主办：天津市蓟州区人民,https://www.tjjz.gov.cn/zwgk/zcwj/qjwj/qzf2/202504/t20250424_6916874.html
2025,天津市蓟州区人民政府关于李岩等同志任免职的通知_区政府_政务公开,天津,,长（兼）； 苏大伟同志任天津市蓟州区住房和建设委员会副主任； 免去： 匡继军同志天津市蓟州区住房和建设委员会副主任职务； 郭久兵同志天津市蓟州区文化和旅游局副局长职务。 天津市蓟州区人民政府 202 5 年 3 月 28 日 （ 此件 主动 公开 ） 附件： 天津市蓟州区人民政府关于李岩等同志任免职的通知.docx | 政策解读 | 相关政策 | 相关报道 网站地图 | 联系我们 | 法律声明 | 使用帮助 主办：天津市蓟州区人民政府 版权所有© 网站标识码:1202250001 津ICP备17006421号 津公网安,https://www.tjjz.gov.cn/zwgk/zcwj/qjwj/qzf2/202504/t20250424_6916874.html
2025,天津市蓟州区人民政府办公室关于印发天津市蓟州区自然灾害救助应急预案的通知_政府办公室_政务公开,游客,,务局： 牵头组织受灾期间生活必需品供给保障工作，稳定市场供应；负责组织 做好 安置受灾群众的餐饮保障，调拨 、 供应所需方便食品、瓶装水；会同有关部门及企业 做好受灾期间 成品油应急保障工作等。 区 文化和旅游局：配合有关部门 发布 旅游景区灾害预警信息，做好游客安全引导工作；协助 灾区 做好旅游景区游客紧急避险转移、被困人员救援、失踪人员搜救等工作；协助 有关部门 组织做好自然灾害救助工作信息发布、宣传报道和舆论引导等。 区 卫生健康委：负责及时组织医疗卫生队伍，赴 灾区 开展医疗救治、灾后防疫、心理援助和卫生知识宣,https://www.tjjz.gov.cn/zwgk/zcwj/qjwj/qjjg/zfbgs2/202506/t20250617_6960494.html
2025,天津市蓟州区人民政府办公室关于印发天津市蓟州区自然灾害救助应急预案的通知_政府办公室_政务公开,游客,,工作，稳定市场供应；负责组织 做好 安置受灾群众的餐饮保障，调拨 、 供应所需方便食品、瓶装水；会同有关部门及企业 做好受灾期间 成品油应急保障工作等。 区 文化和旅游局：配合有关部门 发布 旅游景区灾害预警信息，做好游客安全引导工作；协助 灾区 做好旅游景区游客紧急避险转移、被困人员救援、失踪人员搜救等工作；协助 有关部门 组织做好自然灾害救助工作信息发布、宣传报道和舆论引导等。 区 卫生健康委：负责及时组织医疗卫生队伍，赴 灾区 开展医疗救治、灾后防疫、心理援助和卫生知识宣传等卫生应急工作； 做好 受灾期间公共场所,https://www.tjjz.gov.cn/zwgk/zcwj/qjwj/qjjg/zfbgs2/202506/t20250617_6960494.html
2025,蓟州区企业有感营商环境跃升行动方案_政务服务办_政务公开,天津,,业补贴、房租补贴、创业担保贷款。推出 “ 生态蓟州 · 田园如诗 ” 等一批精品线路，更好服务乡村旅游产业发展。 （责任单位：市规划资源局蓟州分局、区政务服务办、区市场监管局、区司法局、区人社局、区财政局、区文化和旅游局、区交通局） 本方案自印发之日起试行。《天津市蓟州区优化营商环境联席会议领导小组办公室关于印发蓟州区 2024 年营商环境建设 “ 十百千万 ” 专项行动方案的通知》（蓟营商联席办发﹝ 2024 ﹞ 1 号）同时废止。 附件：蓟州区企业有感营商环境跃升行动工作任务清单 附件： 附件蓟州区企业有感营商环境,https://www.tjjz.gov.cn/zwgk/zcwj/qjwj/qjjg/zwfwb2/202510/t20251015_7154638.html
